{"type": "FeatureCollection", "metadata": {"source": "data/ibtracs/ibtracs_ALL_list_v04r01.csv", "selected_sids": ["1983287N09164", "1985299N25270", "1989106S11128", "1989305N07105", "1992230N11325", "2004247N10332", "2005186N12299", "2005236N23285", "2005261N21290", "2006081S14129", "2007151N14072", "2008238N13293", "2008245N17323", "2015068S14113", "2019236N10314", "2021133N10071"], "rows_scanned": 725185, "matched_points": 1413, "matched_storms": 16}, "features": [{"type": "Feature", "properties": {"sid": "1983287N09164", "basin": "Western North Pacific", "subbasin": "Missing", "start_time": "1983-10-14 00:00:00", "end_time": "1983-10-27 00:00:00", "point_count": 105, "max_wind_kt": 50.0, "min_pressure_mb": 985.0, "track_points": [{"time": "1983-10-14 00:00:00", "lat": 9.0, "lon": 164.0, "wind_kt": null, "pressure_mb": null, "category": 0}, {"time": "1983-10-14 03:00:00", "lat": 9.0, "lon": 163.0, "wind_kt": null, "pressure_mb": null, "category": 0}, {"time": "1983-10-14 06:00:00", "lat": 9.0, "lon": 162.0, "wind_kt": null, "pressure_mb": null, "category": 0}, {"time": "1983-10-14 09:00:00", "lat": 9.0, "lon": 161.1, "wind_kt": null, "pressure_mb": null, "category": 0}, {"time": "1983-10-14 12:00:00", "lat": 9.0, "lon": 160.2, "wind_kt": null, "pressure_mb": null, "category": 0}, {"time": "1983-10-14 15:00:00", "lat": 8.9, "lon": 159.3, "wind_kt": null, "pressure_mb": null, "category": 0}, {"time": "1983-10-14 18:00:00", "lat": 8.8, "lon": 158.5, "wind_kt": null, "pressure_mb": null, "category": 0}, {"time": "1983-10-14 21:00:00", "lat": 8.7, "lon": 157.8, "wind_kt": null, "pressure_mb": null, "category": 0}, {"time": "1983-10-15 00:00:00", "lat": 8.5, "lon": 157.2, "wind_kt": null, "pressure_mb": null, "category": 0}, {"time": "1983-10-15 03:00:00", "lat": 8.3, "lon": 156.7, "wind_kt": null, "pressure_mb": null, "category": 0}, {"time": "1983-10-15 06:00:00", "lat": 7.9, "lon": 156.2, "wind_kt": null, "pressure_mb": null, "category": 0}, {"time": "1983-10-15 09:00:00", "lat": 7.6, "lon": 155.7, "wind_kt": null, "pressure_mb": null, "category": 0}, {"time": "1983-10-15 12:00:00", "lat": 7.2, "lon": 155.2, "wind_kt": null, "pressure_mb": null, "category": 0}, {"time": "1983-10-15 15:00:00", "lat": 6.7, "lon": 154.6, "wind_kt": null, "pressure_mb": null, "category": 0}, {"time": "1983-10-15 18:00:00", "lat": 6.2, "lon": 153.9, "wind_kt": null, "pressure_mb": null, "category": 0}, {"time": "1983-10-15 21:00:00", "lat": 5.7, "lon": 153.2, "wind_kt": null, "pressure_mb": null, "category": 0}, {"time": "1983-10-16 00:00:00", "lat": 5.3, "lon": 152.5, "wind_kt": null, "pressure_mb": null, "category": 0}, {"time": "1983-10-16 03:00:00", "lat": 5.1, "lon": 151.9, "wind_kt": null, "pressure_mb": null, "category": 0}, {"time": "1983-10-16 06:00:00", "lat": 5.0, "lon": 151.3, "wind_kt": null, "pressure_mb": null, "category": 0}, {"time": "1983-10-16 09:00:00", "lat": 4.9, "lon": 150.6, "wind_kt": null, "pressure_mb": null, "category": 0}, {"time": "1983-10-16 12:00:00", "lat": 4.9, "lon": 150.0, "wind_kt": null, "pressure_mb": null, "category": 0}, {"time": "1983-10-16 15:00:00", "lat": 4.8, "lon": 149.4, "wind_kt": null, "pressure_mb": null, "category": 0}, {"time": "1983-10-16 18:00:00", "lat": 4.7, "lon": 148.8, "wind_kt": null, "pressure_mb": null, "category": 0}, {"time": "1983-10-16 21:00:00", "lat": 4.7, "lon": 148.1, "wind_kt": null, "pressure_mb": null, "category": 0}, {"time": "1983-10-17 00:00:00", "lat": 4.9, "lon": 147.2, "wind_kt": null, "pressure_mb": null, "category": 0}, {"time": "1983-10-17 03:00:00", "lat": 5.3, "lon": 146.1, "wind_kt": null, "pressure_mb": null, "category": 0}, {"time": "1983-10-17 06:00:00", "lat": 5.9, "lon": 144.8, "wind_kt": null, "pressure_mb": null, "category": 0}, {"time": "1983-10-17 09:00:00", "lat": 6.7, "lon": 143.4, "wind_kt": null, "pressure_mb": null, "category": 0}, {"time": "1983-10-17 12:00:00", "lat": 7.5, "lon": 142.0, "wind_kt": null, "pressure_mb": null, "category": 0}, {"time": "1983-10-17 15:00:00", "lat": 8.4, "lon": 140.6, "wind_kt": null, "pressure_mb": null, "category": 0}, {"time": "1983-10-17 18:00:00", "lat": 9.4, "lon": 139.2, "wind_kt": null, "pressure_mb": null, "category": 0}, {"time": "1983-10-17 21:00:00", "lat": 10.4, "lon": 137.9, "wind_kt": null, "pressure_mb": null, "category": 0}, {"time": "1983-10-18 00:00:00", "lat": 11.2, "lon": 136.8, "wind_kt": null, "pressure_mb": null, "category": 0}, {"time": "1983-10-18 03:00:00", "lat": 11.8, "lon": 136.1, "wind_kt": null, "pressure_mb": null, "category": 0}, {"time": "1983-10-18 06:00:00", "lat": 12.2, "lon": 135.6, "wind_kt": null, "pressure_mb": null, "category": 0}, {"time": "1983-10-18 09:00:00", "lat": 12.6, "lon": 135.2, "wind_kt": null, "pressure_mb": null, "category": 0}, {"time": "1983-10-18 12:00:00", "lat": 12.9, "lon": 134.8, "wind_kt": null, "pressure_mb": null, "category": 0}, {"time": "1983-10-18 15:00:00", "lat": 13.3, "lon": 134.2, "wind_kt": null, "pressure_mb": null, "category": 0}, {"time": "1983-10-18 18:00:00", "lat": 13.7, "lon": 133.5, "wind_kt": null, "pressure_mb": null, "category": 0}, {"time": "1983-10-18 21:00:00", "lat": 14.1, "lon": 132.7, "wind_kt": null, "pressure_mb": null, "category": 0}, {"time": "1983-10-19 00:00:00", "lat": 14.4, "lon": 132.0, "wind_kt": null, "pressure_mb": null, "category": 0}, {"time": "1983-10-19 03:00:00", "lat": 14.6, "lon": 131.3, "wind_kt": null, "pressure_mb": null, "category": 0}, {"time": "1983-10-19 06:00:00", "lat": 14.6, "lon": 130.8, "wind_kt": null, "pressure_mb": null, "category": 0}, {"time": "1983-10-19 09:00:00", "lat": 14.7, "lon": 130.2, "wind_kt": null, "pressure_mb": null, "category": 0}, {"time": "1983-10-19 12:00:00", "lat": 14.7, "lon": 129.5, "wind_kt": null, "pressure_mb": 1004.0, "category": 0}, {"time": "1983-10-19 15:00:00", "lat": 14.8, "lon": 128.8, "wind_kt": null, "pressure_mb": null, "category": 0}, {"time": "1983-10-19 18:00:00", "lat": 14.9, "lon": 128.1, "wind_kt": null, "pressure_mb": 1004.0, "category": 0}, {"time": "1983-10-19 21:00:00", "lat": 14.9, "lon": 127.4, "wind_kt": null, "pressure_mb": null, "category": 0}, {"time": "1983-10-20 00:00:00", "lat": 15.0, "lon": 126.7, "wind_kt": null, "pressure_mb": 1004.0, "category": 0}, {"time": "1983-10-20 03:00:00", "lat": 15.1, "lon": 125.9, "wind_kt": null, "pressure_mb": null, "category": 0}, {"time": "1983-10-20 06:00:00", "lat": 15.2, "lon": 125.1, "wind_kt": null, "pressure_mb": 1004.0, "category": 0}, {"time": "1983-10-20 09:00:00", "lat": 15.3, "lon": 124.2, "wind_kt": null, "pressure_mb": null, "category": 0}, {"time": "1983-10-20 12:00:00", "lat": 15.4, "lon": 123.4, "wind_kt": null, "pressure_mb": 1004.0, "category": 0}, {"time": "1983-10-20 15:00:00", "lat": 15.5, "lon": 122.7, "wind_kt": null, "pressure_mb": null, "category": 0}, {"time": "1983-10-20 18:00:00", "lat": 15.6, "lon": 122.0, "wind_kt": null, "pressure_mb": 1004.0, "category": 0}, {"time": "1983-10-20 21:00:00", "lat": 15.8, "lon": 121.3, "wind_kt": null, "pressure_mb": null, "category": 0}, {"time": "1983-10-21 00:00:00", "lat": 15.9, "lon": 120.6, "wind_kt": null, "pressure_mb": 1004.0, "category": 0}, {"time": "1983-10-21 03:00:00", "lat": 16.1, "lon": 120.1, "wind_kt": null, "pressure_mb": null, "category": 0}, {"time": "1983-10-21 06:00:00", "lat": 16.3, "lon": 119.5, "wind_kt": null, "pressure_mb": 1004.0, "category": 0}, {"time": "1983-10-21 09:00:00", "lat": 16.4, "lon": 119.0, "wind_kt": null, "pressure_mb": null, "category": 0}, {"time": "1983-10-21 12:00:00", "lat": 16.4, "lon": 118.5, "wind_kt": null, "pressure_mb": 1002.0, "category": 0}, {"time": "1983-10-21 15:00:00", "lat": 16.4, "lon": 118.0, "wind_kt": null, "pressure_mb": null, "category": 0}, {"time": "1983-10-21 18:00:00", "lat": 16.4, "lon": 117.6, "wind_kt": null, "pressure_mb": 1000.0, "category": 0}, {"time": "1983-10-21 21:00:00", "lat": 16.4, "lon": 117.1, "wind_kt": null, "pressure_mb": null, "category": 0}, {"time": "1983-10-22 00:00:00", "lat": 16.3, "lon": 116.6, "wind_kt": 40.0, "pressure_mb": 996.0, "category": 0}, {"time": "1983-10-22 03:00:00", "lat": 16.3, "lon": 116.1, "wind_kt": null, "pressure_mb": null, "category": 0}, {"time": "1983-10-22 06:00:00", "lat": 16.4, "lon": 115.6, "wind_kt": 40.0, "pressure_mb": 996.0, "category": 0}, {"time": "1983-10-22 09:00:00", "lat": 16.5, "lon": 115.3, "wind_kt": null, "pressure_mb": null, "category": 0}, {"time": "1983-10-22 12:00:00", "lat": 16.7, "lon": 115.0, "wind_kt": 40.0, "pressure_mb": 996.0, "category": 0}, {"time": "1983-10-22 15:00:00", "lat": 16.9, "lon": 114.8, "wind_kt": null, "pressure_mb": null, "category": 0}, {"time": "1983-10-22 18:00:00", "lat": 17.1, "lon": 114.7, "wind_kt": 40.0, "pressure_mb": 996.0, "category": 0}, {"time": "1983-10-22 21:00:00", "lat": 17.4, "lon": 114.7, "wind_kt": null, "pressure_mb": null, "category": 0}, {"time": "1983-10-23 00:00:00", "lat": 17.6, "lon": 114.6, "wind_kt": 40.0, "pressure_mb": 996.0, "category": 0}, {"time": "1983-10-23 03:00:00", "lat": 17.7, "lon": 114.5, "wind_kt": null, "pressure_mb": null, "category": 0}, {"time": "1983-10-23 06:00:00", "lat": 17.7, "lon": 114.4, "wind_kt": 40.0, "pressure_mb": 992.0, "category": 0}, {"time": "1983-10-23 09:00:00", "lat": 17.7, "lon": 114.3, "wind_kt": null, "pressure_mb": null, "category": 0}, {"time": "1983-10-23 12:00:00", "lat": 17.8, "lon": 114.2, "wind_kt": 40.0, "pressure_mb": 992.0, "category": 0}, {"time": "1983-10-23 15:00:00", "lat": 17.7, "lon": 114.1, "wind_kt": null, "pressure_mb": null, "category": 0}, {"time": "1983-10-23 18:00:00", "lat": 17.6, "lon": 113.9, "wind_kt": 40.0, "pressure_mb": 992.0, "category": 0}, {"time": "1983-10-23 21:00:00", "lat": 17.5, "lon": 113.8, "wind_kt": null, "pressure_mb": null, "category": 0}, {"time": "1983-10-24 00:00:00", "lat": 17.5, "lon": 113.7, "wind_kt": 40.0, "pressure_mb": 992.0, "category": 0}, {"time": "1983-10-24 03:00:00", "lat": 17.4, "lon": 113.5, "wind_kt": null, "pressure_mb": null, "category": 0}, {"time": "1983-10-24 06:00:00", "lat": 17.3, "lon": 113.3, "wind_kt": 45.0, "pressure_mb": 990.0, "category": 0}, {"time": "1983-10-24 09:00:00", "lat": 17.3, "lon": 113.2, "wind_kt": null, "pressure_mb": null, "category": 0}, {"time": "1983-10-24 12:00:00", "lat": 17.2, "lon": 113.0, "wind_kt": 50.0, "pressure_mb": 985.0, "category": 0}, {"time": "1983-10-24 15:00:00", "lat": 17.3, "lon": 112.6, "wind_kt": null, "pressure_mb": null, "category": 0}, {"time": "1983-10-24 18:00:00", "lat": 17.3, "lon": 112.2, "wind_kt": 50.0, "pressure_mb": 985.0, "category": 0}, {"time": "1983-10-24 21:00:00", "lat": 17.2, "lon": 111.8, "wind_kt": null, "pressure_mb": null, "category": 0}, {"time": "1983-10-25 00:00:00", "lat": 17.1, "lon": 111.5, "wind_kt": 50.0, "pressure_mb": 985.0, "category": 0}, {"time": "1983-10-25 03:00:00", "lat": 17.2, "lon": 111.0, "wind_kt": null, "pressure_mb": null, "category": 0}, {"time": "1983-10-25 06:00:00", "lat": 17.3, "lon": 110.6, "wind_kt": 50.0, "pressure_mb": 985.0, "category": 0}, {"time": "1983-10-25 09:00:00", "lat": 17.3, "lon": 110.2, "wind_kt": null, "pressure_mb": null, "category": 0}, {"time": "1983-10-25 12:00:00", "lat": 17.4, "lon": 109.8, "wind_kt": 50.0, "pressure_mb": 985.0, "category": 0}, {"time": "1983-10-25 15:00:00", "lat": 17.5, "lon": 109.3, "wind_kt": null, "pressure_mb": null, "category": 0}, {"time": "1983-10-25 18:00:00", "lat": 17.5, "lon": 108.8, "wind_kt": 50.0, "pressure_mb": 985.0, "category": 0}, {"time": "1983-10-25 21:00:00", "lat": 17.6, "lon": 108.4, "wind_kt": null, "pressure_mb": null, "category": 0}, {"time": "1983-10-26 00:00:00", "lat": 17.7, "lon": 107.9, "wind_kt": 50.0, "pressure_mb": 985.0, "category": 0}, {"time": "1983-10-26 03:00:00", "lat": 17.7, "lon": 107.3, "wind_kt": null, "pressure_mb": null, "category": 0}, {"time": "1983-10-26 06:00:00", "lat": 17.8, "lon": 106.7, "wind_kt": 45.0, "pressure_mb": 990.0, "category": 0}, {"time": "1983-10-26 09:00:00", "lat": 17.9, "lon": 106.1, "wind_kt": null, "pressure_mb": null, "category": 0}, {"time": "1983-10-26 12:00:00", "lat": 18.0, "lon": 105.4, "wind_kt": 35.0, "pressure_mb": 996.0, "category": 0}, {"time": "1983-10-26 15:00:00", "lat": 18.2, "lon": 104.8, "wind_kt": null, "pressure_mb": null, "category": 0}, {"time": "1983-10-26 18:00:00", "lat": 18.4, "lon": 104.2, "wind_kt": null, "pressure_mb": 1004.0, "category": 0}, {"time": "1983-10-26 21:00:00", "lat": 18.7, "lon": 103.6, "wind_kt": null, "pressure_mb": null, "category": 0}, {"time": "1983-10-27 00:00:00", "lat": 19.0, "lon": 103.0, "wind_kt": null, "pressure_mb": 1012.0, "category": 0}]}, "geometry": {"type": "LineString", "coordinates": [[164.0, 9.0], [163.0, 9.0], [162.0, 9.0], [161.1, 9.0], [160.2, 9.0], [159.3, 8.9], [158.5, 8.8], [157.8, 8.7], [157.2, 8.5], [156.7, 8.3], [156.2, 7.9], [155.7, 7.6], [155.2, 7.2], [154.6, 6.7], [153.9, 6.2], [153.2, 5.7], [152.5, 5.3], [151.9, 5.1], [151.3, 5.0], [150.6, 4.9], [150.0, 4.9], [149.4, 4.8], [148.8, 4.7], [148.1, 4.7], [147.2, 4.9], [146.1, 5.3], [144.8, 5.9], [143.4, 6.7], [142.0, 7.5], [140.6, 8.4], [139.2, 9.4], [137.9, 10.4], [136.8, 11.2], [136.1, 11.8], [135.6, 12.2], [135.2, 12.6], [134.8, 12.9], [134.2, 13.3], [133.5, 13.7], [132.7, 14.1], [132.0, 14.4], [131.3, 14.6], [130.8, 14.6], [130.2, 14.7], [129.5, 14.7], [128.8, 14.8], [128.1, 14.9], [127.4, 14.9], [126.7, 15.0], [125.9, 15.1], [125.1, 15.2], [124.2, 15.3], [123.4, 15.4], [122.7, 15.5], [122.0, 15.6], [121.3, 15.8], [120.6, 15.9], [120.1, 16.1], [119.5, 16.3], [119.0, 16.4], [118.5, 16.4], [118.0, 16.4], [117.6, 16.4], [117.1, 16.4], [116.6, 16.3], [116.1, 16.3], [115.6, 16.4], [115.3, 16.5], [115.0, 16.7], [114.8, 16.9], [114.7, 17.1], [114.7, 17.4], [114.6, 17.6], [114.5, 17.7], [114.4, 17.7], [114.3, 17.7], [114.2, 17.8], [114.1, 17.7], [113.9, 17.6], [113.8, 17.5], [113.7, 17.5], [113.5, 17.4], [113.3, 17.3], [113.2, 17.3], [113.0, 17.2], [112.6, 17.3], [112.2, 17.3], [111.8, 17.2], [111.5, 17.1], [111.0, 17.2], [110.6, 17.3], [110.2, 17.3], [109.8, 17.4], [109.3, 17.5], [108.8, 17.5], [108.4, 17.6], [107.9, 17.7], [107.3, 17.7], [106.7, 17.8], [106.1, 17.9], [105.4, 18.0], [104.8, 18.2], [104.2, 18.4], [103.6, 18.7], [103.0, 19.0]]}}, {"type": "Feature", "properties": {"sid": "1985299N25270", "basin": "North Atlantic", "subbasin": "Gulf of Mexico", "start_time": "1985-10-26 00:00:00", "end_time": "1985-11-01 18:00:00", "point_count": 56, "max_wind_kt": 75.0, "min_pressure_mb": 971.0, "track_points": [{"time": "1985-10-26 00:00:00", "lat": 24.5, "lon": -90.5, "wind_kt": 30.0, "pressure_mb": 1005.0, "category": -1}, {"time": "1985-10-26 03:00:00", "lat": 24.4, "lon": -91.0, "wind_kt": null, "pressure_mb": null, "category": -1}, {"time": "1985-10-26 06:00:00", "lat": 24.2, "lon": -91.5, "wind_kt": 30.0, "pressure_mb": 1002.0, "category": -1}, {"time": "1985-10-26 09:00:00", "lat": 23.9, "lon": -92.1, "wind_kt": null, "pressure_mb": null, "category": -1}, {"time": "1985-10-26 12:00:00", "lat": 23.8, "lon": -92.5, "wind_kt": 35.0, "pressure_mb": 999.0, "category": 0}, {"time": "1985-10-26 15:00:00", "lat": 24.1, "lon": -92.8, "wind_kt": null, "pressure_mb": null, "category": 0}, {"time": "1985-10-26 18:00:00", "lat": 24.4, "lon": -92.8, "wind_kt": 40.0, "pressure_mb": 996.0, "category": 0}, {"time": "1985-10-26 21:00:00", "lat": 24.5, "lon": -92.4, "wind_kt": null, "pressure_mb": null, "category": 0}, {"time": "1985-10-27 00:00:00", "lat": 24.6, "lon": -92.0, "wind_kt": 45.0, "pressure_mb": 993.0, "category": 0}, {"time": "1985-10-27 03:00:00", "lat": 24.9, "lon": -92.1, "wind_kt": null, "pressure_mb": null, "category": 0}, {"time": "1985-10-27 06:00:00", "lat": 25.3, "lon": -92.2, "wind_kt": 50.0, "pressure_mb": 990.0, "category": 0}, {"time": "1985-10-27 09:00:00", "lat": 25.5, "lon": -91.9, "wind_kt": null, "pressure_mb": null, "category": 0}, {"time": "1985-10-27 12:00:00", "lat": 25.7, "lon": -91.5, "wind_kt": 55.0, "pressure_mb": 986.0, "category": 0}, {"time": "1985-10-27 15:00:00", "lat": 26.0, "lon": -91.2, "wind_kt": null, "pressure_mb": null, "category": 0}, {"time": "1985-10-27 18:00:00", "lat": 26.4, "lon": -91.1, "wind_kt": 60.0, "pressure_mb": 984.0, "category": 0}, {"time": "1985-10-27 21:00:00", "lat": 27.1, "lon": -91.1, "wind_kt": null, "pressure_mb": null, "category": 0}, {"time": "1985-10-28 00:00:00", "lat": 27.8, "lon": -91.2, "wind_kt": 65.0, "pressure_mb": 982.0, "category": 1}, {"time": "1985-10-28 03:00:00", "lat": 28.2, "lon": -91.3, "wind_kt": null, "pressure_mb": null, "category": 1}, {"time": "1985-10-28 06:00:00", "lat": 28.6, "lon": -91.5, "wind_kt": 70.0, "pressure_mb": 975.0, "category": 1}, {"time": "1985-10-28 09:00:00", "lat": 29.1, "lon": -91.7, "wind_kt": null, "pressure_mb": null, "category": 1}, {"time": "1985-10-28 12:00:00", "lat": 29.4, "lon": -92.0, "wind_kt": 75.0, "pressure_mb": 972.0, "category": 1}, {"time": "1985-10-28 15:00:00", "lat": 29.4, "lon": -92.6, "wind_kt": null, "pressure_mb": null, "category": 1}, {"time": "1985-10-28 18:00:00", "lat": 29.3, "lon": -93.0, "wind_kt": 75.0, "pressure_mb": 971.0, "category": 1}, {"time": "1985-10-28 21:00:00", "lat": 29.1, "lon": -92.9, "wind_kt": null, "pressure_mb": null, "category": 1}, {"time": "1985-10-29 00:00:00", "lat": 28.9, "lon": -92.5, "wind_kt": 75.0, "pressure_mb": 973.0, "category": 1}, {"time": "1985-10-29 03:00:00", "lat": 28.9, "lon": -92.2, "wind_kt": null, "pressure_mb": null, "category": 1}, {"time": "1985-10-29 06:00:00", "lat": 29.0, "lon": -91.9, "wind_kt": 70.0, "pressure_mb": 975.0, "category": 1}, {"time": "1985-10-29 09:00:00", "lat": 29.3, "lon": -91.6, "wind_kt": null, "pressure_mb": null, "category": 1}, {"time": "1985-10-29 11:00:00", "lat": 29.5, "lon": -91.4, "wind_kt": 65.0, "pressure_mb": 974.0, "category": 1}, {"time": "1985-10-29 12:00:00", "lat": 29.6, "lon": -91.3, "wind_kt": 65.0, "pressure_mb": 974.0, "category": 1}, {"time": "1985-10-29 15:00:00", "lat": 30.0, "lon": -91.4, "wind_kt": null, "pressure_mb": null, "category": 1}, {"time": "1985-10-29 18:00:00", "lat": 30.3, "lon": -91.9, "wind_kt": 60.0, "pressure_mb": 978.0, "category": 0}, {"time": "1985-10-29 21:00:00", "lat": 30.3, "lon": -92.2, "wind_kt": null, "pressure_mb": null, "category": 0}, {"time": "1985-10-30 00:00:00", "lat": 30.1, "lon": -92.3, "wind_kt": 60.0, "pressure_mb": 980.0, "category": 0}, {"time": "1985-10-30 03:00:00", "lat": 29.9, "lon": -92.3, "wind_kt": null, "pressure_mb": null, "category": 0}, {"time": "1985-10-30 06:00:00", "lat": 29.8, "lon": -92.2, "wind_kt": 55.0, "pressure_mb": 982.0, "category": 0}, {"time": "1985-10-30 09:00:00", "lat": 29.7, "lon": -92.2, "wind_kt": null, "pressure_mb": null, "category": 0}, {"time": "1985-10-30 12:00:00", "lat": 29.6, "lon": -92.1, "wind_kt": 55.0, "pressure_mb": 982.0, "category": 0}, {"time": "1985-10-30 15:00:00", "lat": 29.4, "lon": -92.0, "wind_kt": null, "pressure_mb": null, "category": 0}, {"time": "1985-10-30 18:00:00", "lat": 29.3, "lon": -91.8, "wind_kt": 55.0, "pressure_mb": 982.0, "category": 0}, {"time": "1985-10-30 21:00:00", "lat": 29.2, "lon": -91.6, "wind_kt": null, "pressure_mb": null, "category": 0}, {"time": "1985-10-31 00:00:00", "lat": 29.1, "lon": -91.3, "wind_kt": 55.0, "pressure_mb": 982.0, "category": 0}, {"time": "1985-10-31 03:00:00", "lat": 29.0, "lon": -90.9, "wind_kt": null, "pressure_mb": null, "category": 0}, {"time": "1985-10-31 06:00:00", "lat": 28.9, "lon": -90.3, "wind_kt": 55.0, "pressure_mb": 980.0, "category": 0}, {"time": "1985-10-31 09:00:00", "lat": 29.0, "lon": -89.7, "wind_kt": null, "pressure_mb": null, "category": 0}, {"time": "1985-10-31 12:00:00", "lat": 29.3, "lon": -89.1, "wind_kt": 60.0, "pressure_mb": 978.0, "category": 0}, {"time": "1985-10-31 15:00:00", "lat": 29.7, "lon": -88.4, "wind_kt": null, "pressure_mb": null, "category": 0}, {"time": "1985-10-31 18:00:00", "lat": 30.3, "lon": -87.7, "wind_kt": 55.0, "pressure_mb": 982.0, "category": 0}, {"time": "1985-10-31 21:00:00", "lat": 31.0, "lon": -87.3, "wind_kt": null, "pressure_mb": null, "category": 0}, {"time": "1985-11-01 00:00:00", "lat": 31.8, "lon": -87.0, "wind_kt": 40.0, "pressure_mb": 984.0, "category": 0}, {"time": "1985-11-01 03:00:00", "lat": 32.6, "lon": -86.8, "wind_kt": null, "pressure_mb": null, "category": 0}, {"time": "1985-11-01 06:00:00", "lat": 33.5, "lon": -86.7, "wind_kt": 35.0, "pressure_mb": 986.0, "category": 0}, {"time": "1985-11-01 09:00:00", "lat": 34.4, "lon": -86.6, "wind_kt": null, "pressure_mb": null, "category": 0}, {"time": "1985-11-01 12:00:00", "lat": 35.2, "lon": -86.6, "wind_kt": 30.0, "pressure_mb": 989.0, "category": -1}, {"time": "1985-11-01 15:00:00", "lat": 36.0, "lon": -86.8, "wind_kt": null, "pressure_mb": null, "category": -1}, {"time": "1985-11-01 18:00:00", "lat": 36.8, "lon": -87.1, "wind_kt": 25.0, "pressure_mb": 992.0, "category": -1}]}, "geometry": {"type": "LineString", "coordinates": [[-90.5, 24.5], [-91.0, 24.4], [-91.5, 24.2], [-92.1, 23.9], [-92.5, 23.8], [-92.8, 24.1], [-92.8, 24.4], [-92.4, 24.5], [-92.0, 24.6], [-92.1, 24.9], [-92.2, 25.3], [-91.9, 25.5], [-91.5, 25.7], [-91.2, 26.0], [-91.1, 26.4], [-91.1, 27.1], [-91.2, 27.8], [-91.3, 28.2], [-91.5, 28.6], [-91.7, 29.1], [-92.0, 29.4], [-92.6, 29.4], [-93.0, 29.3], [-92.9, 29.1], [-92.5, 28.9], [-92.2, 28.9], [-91.9, 29.0], [-91.6, 29.3], [-91.4, 29.5], [-91.3, 29.6], [-91.4, 30.0], [-91.9, 30.3], [-92.2, 30.3], [-92.3, 30.1], [-92.3, 29.9], [-92.2, 29.8], [-92.2, 29.7], [-92.1, 29.6], [-92.0, 29.4], [-91.8, 29.3], [-91.6, 29.2], [-91.3, 29.1], [-90.9, 29.0], [-90.3, 28.9], [-89.7, 29.0], [-89.1, 29.3], [-88.4, 29.7], [-87.7, 30.3], [-87.3, 31.0], [-87.0, 31.8], [-86.8, 32.6], [-86.7, 33.5], [-86.6, 34.4], [-86.6, 35.2], [-86.8, 36.0], [-87.1, 36.8]]}}, {"type": "Feature", "properties": {"sid": "1989106S11128", "basin": "South Indian", "subbasin": "Western Australia", "start_time": "1989-04-16 06:00:00", "end_time": "1989-04-24 12:00:00", "point_count": 67, "max_wind_kt": 130.0, "min_pressure_mb": 905.0, "track_points": [{"time": "1989-04-16 06:00:00", "lat": -10.6, "lon": 127.6, "wind_kt": null, "pressure_mb": null, "category": -1}, {"time": "1989-04-16 09:00:00", "lat": -10.8, "lon": 127.6, "wind_kt": null, "pressure_mb": null, "category": -1}, {"time": "1989-04-16 12:00:00", "lat": -11.1, "lon": 127.5, "wind_kt": null, "pressure_mb": null, "category": -1}, {"time": "1989-04-16 15:00:00", "lat": -11.4, "lon": 127.4, "wind_kt": null, "pressure_mb": null, "category": -1}, {"time": "1989-04-16 18:00:00", "lat": -11.7, "lon": 127.3, "wind_kt": null, "pressure_mb": null, "category": -1}, {"time": "1989-04-16 21:00:00", "lat": -11.9, "lon": 127.2, "wind_kt": null, "pressure_mb": null, "category": -1}, {"time": "1989-04-17 00:00:00", "lat": -11.9, "lon": 127.2, "wind_kt": 25.0, "pressure_mb": 1000.0, "category": -1}, {"time": "1989-04-17 03:00:00", "lat": -12.0, "lon": 127.0, "wind_kt": null, "pressure_mb": null, "category": -1}, {"time": "1989-04-17 06:00:00", "lat": -12.1, "lon": 126.8, "wind_kt": 25.0, "pressure_mb": 999.0, "category": -1}, {"time": "1989-04-17 09:00:00", "lat": -12.2, "lon": 126.6, "wind_kt": null, "pressure_mb": null, "category": -1}, {"time": "1989-04-17 12:00:00", "lat": -12.3, "lon": 126.4, "wind_kt": 30.0, "pressure_mb": 999.0, "category": -1}, {"time": "1989-04-17 15:00:00", "lat": -12.5, "lon": 126.1, "wind_kt": null, "pressure_mb": null, "category": -1}, {"time": "1989-04-17 18:00:00", "lat": -12.7, "lon": 125.7, "wind_kt": 30.0, "pressure_mb": 999.0, "category": -1}, {"time": "1989-04-17 21:00:00", "lat": -12.8, "lon": 125.4, "wind_kt": null, "pressure_mb": null, "category": -1}, {"time": "1989-04-18 00:00:00", "lat": -12.9, "lon": 125.1, "wind_kt": 30.0, "pressure_mb": 998.0, "category": -1}, {"time": "1989-04-18 03:00:00", "lat": -12.9, "lon": 124.7, "wind_kt": null, "pressure_mb": null, "category": -1}, {"time": "1989-04-18 06:00:00", "lat": -13.0, "lon": 124.3, "wind_kt": 40.0, "pressure_mb": 991.0, "category": 0}, {"time": "1989-04-18 09:00:00", "lat": -13.0, "lon": 123.9, "wind_kt": null, "pressure_mb": null, "category": 0}, {"time": "1989-04-18 12:00:00", "lat": -13.0, "lon": 123.5, "wind_kt": 45.0, "pressure_mb": 987.0, "category": 0}, {"time": "1989-04-18 15:00:00", "lat": -12.9, "lon": 123.2, "wind_kt": null, "pressure_mb": null, "category": 0}, {"time": "1989-04-18 18:00:00", "lat": -12.8, "lon": 122.8, "wind_kt": 50.0, "pressure_mb": 985.0, "category": 0}, {"time": "1989-04-18 21:00:00", "lat": -12.8, "lon": 122.5, "wind_kt": null, "pressure_mb": null, "category": 0}, {"time": "1989-04-19 00:00:00", "lat": -12.7, "lon": 122.2, "wind_kt": 55.0, "pressure_mb": 981.0, "category": 0}, {"time": "1989-04-19 03:00:00", "lat": -12.6, "lon": 121.9, "wind_kt": null, "pressure_mb": null, "category": 0}, {"time": "1989-04-19 06:00:00", "lat": -12.5, "lon": 121.6, "wind_kt": 60.0, "pressure_mb": 976.0, "category": 0}, {"time": "1989-04-19 09:00:00", "lat": -12.4, "lon": 121.3, "wind_kt": null, "pressure_mb": null, "category": 0}, {"time": "1989-04-19 12:00:00", "lat": -12.3, "lon": 121.0, "wind_kt": 70.0, "pressure_mb": 967.0, "category": 1}, {"time": "1989-04-19 15:00:00", "lat": -12.2, "lon": 120.7, "wind_kt": null, "pressure_mb": null, "category": 1}, {"time": "1989-04-19 18:00:00", "lat": -12.1, "lon": 120.5, "wind_kt": 80.0, "pressure_mb": 954.0, "category": 1}, {"time": "1989-04-19 21:00:00", "lat": -12.1, "lon": 120.2, "wind_kt": null, "pressure_mb": null, "category": 1}, {"time": "1989-04-20 00:00:00", "lat": -12.1, "lon": 119.9, "wind_kt": 85.0, "pressure_mb": 945.0, "category": 2}, {"time": "1989-04-20 03:00:00", "lat": -12.1, "lon": 119.6, "wind_kt": null, "pressure_mb": null, "category": 2}, {"time": "1989-04-20 06:00:00", "lat": -12.1, "lon": 119.3, "wind_kt": 95.0, "pressure_mb": 939.0, "category": 2}, {"time": "1989-04-20 09:00:00", "lat": -12.2, "lon": 119.0, "wind_kt": null, "pressure_mb": null, "category": 2}, {"time": "1989-04-20 12:00:00", "lat": -12.4, "lon": 118.7, "wind_kt": 105.0, "pressure_mb": 933.0, "category": 3}, {"time": "1989-04-20 15:00:00", "lat": -12.6, "lon": 118.4, "wind_kt": null, "pressure_mb": null, "category": 3}, {"time": "1989-04-20 18:00:00", "lat": -12.8, "lon": 118.1, "wind_kt": 110.0, "pressure_mb": 929.0, "category": 3}, {"time": "1989-04-20 21:00:00", "lat": -13.1, "lon": 117.9, "wind_kt": null, "pressure_mb": null, "category": 3}, {"time": "1989-04-21 00:00:00", "lat": -13.5, "lon": 117.7, "wind_kt": 115.0, "pressure_mb": 922.0, "category": 4}, {"time": "1989-04-21 03:00:00", "lat": -13.7, "lon": 117.4, "wind_kt": null, "pressure_mb": null, "category": 4}, {"time": "1989-04-21 06:00:00", "lat": -14.0, "lon": 117.1, "wind_kt": 115.0, "pressure_mb": 914.0, "category": 4}, {"time": "1989-04-21 09:00:00", "lat": -14.3, "lon": 116.9, "wind_kt": null, "pressure_mb": null, "category": 4}, {"time": "1989-04-21 12:00:00", "lat": -14.7, "lon": 116.7, "wind_kt": 115.0, "pressure_mb": 906.0, "category": 4}, {"time": "1989-04-21 15:00:00", "lat": -15.1, "lon": 116.5, "wind_kt": null, "pressure_mb": null, "category": 4}, {"time": "1989-04-21 18:00:00", "lat": -15.5, "lon": 116.4, "wind_kt": 125.0, "pressure_mb": 905.0, "category": 4}, {"time": "1989-04-21 21:00:00", "lat": -15.9, "lon": 116.3, "wind_kt": null, "pressure_mb": null, "category": 4}, {"time": "1989-04-22 00:00:00", "lat": -16.4, "lon": 116.2, "wind_kt": 130.0, "pressure_mb": 905.0, "category": 4}, {"time": "1989-04-22 03:00:00", "lat": -16.9, "lon": 116.2, "wind_kt": 130.0, "pressure_mb": 905.0, "category": 4}, {"time": "1989-04-22 06:00:00", "lat": -17.4, "lon": 116.2, "wind_kt": 130.0, "pressure_mb": 905.0, "category": 4}, {"time": "1989-04-22 09:00:00", "lat": -18.0, "lon": 116.3, "wind_kt": 130.0, "pressure_mb": 905.0, "category": 4}, {"time": "1989-04-22 12:00:00", "lat": -18.6, "lon": 116.3, "wind_kt": 130.0, "pressure_mb": 905.0, "category": 4}, {"time": "1989-04-22 15:00:00", "lat": -19.3, "lon": 116.3, "wind_kt": 130.0, "pressure_mb": 905.0, "category": 4}, {"time": "1989-04-22 18:00:00", "lat": -20.1, "lon": 116.2, "wind_kt": 120.0, "pressure_mb": 911.0, "category": 4}, {"time": "1989-04-22 21:00:00", "lat": -21.0, "lon": 116.4, "wind_kt": 110.0, "pressure_mb": 923.0, "category": 3}, {"time": "1989-04-23 00:00:00", "lat": -22.0, "lon": 116.5, "wind_kt": 85.0, "pressure_mb": 950.0, "category": 2}, {"time": "1989-04-23 03:00:00", "lat": -23.0, "lon": 116.9, "wind_kt": 65.0, "pressure_mb": 975.0, "category": 1}, {"time": "1989-04-23 06:00:00", "lat": -23.9, "lon": 117.4, "wind_kt": 50.0, "pressure_mb": 985.0, "category": 0}, {"time": "1989-04-23 09:00:00", "lat": -24.8, "lon": 118.2, "wind_kt": 45.0, "pressure_mb": 989.0, "category": 0}, {"time": "1989-04-23 12:00:00", "lat": -25.7, "lon": 118.9, "wind_kt": 40.0, "pressure_mb": 993.0, "category": 0}, {"time": "1989-04-23 15:00:00", "lat": -26.8, "lon": 119.6, "wind_kt": 35.0, "pressure_mb": 996.0, "category": 0}, {"time": "1989-04-23 18:00:00", "lat": -27.8, "lon": 120.7, "wind_kt": 35.0, "pressure_mb": 997.0, "category": 0}, {"time": "1989-04-23 21:00:00", "lat": -28.7, "lon": 121.9, "wind_kt": 30.0, "pressure_mb": 998.0, "category": -1}, {"time": "1989-04-24 00:00:00", "lat": -29.6, "lon": 123.3, "wind_kt": 30.0, "pressure_mb": 999.0, "category": -1}, {"time": "1989-04-24 03:00:00", "lat": -30.4, "lon": 124.8, "wind_kt": 30.0, "pressure_mb": 1000.0, "category": -1}, {"time": "1989-04-24 06:00:00", "lat": -31.0, "lon": 126.5, "wind_kt": 25.0, "pressure_mb": 1000.0, "category": -1}, {"time": "1989-04-24 09:00:00", "lat": -31.5, "lon": 128.3, "wind_kt": 20.0, "pressure_mb": 1000.0, "category": -1}, {"time": "1989-04-24 12:00:00", "lat": -32.0, "lon": 130.2, "wind_kt": 20.0, "pressure_mb": 1000.0, "category": -1}]}, "geometry": {"type": "LineString", "coordinates": [[127.6, -10.6], [127.6, -10.8], [127.5, -11.1], [127.4, -11.4], [127.3, -11.7], [127.2, -11.9], [127.2, -11.9], [127.0, -12.0], [126.8, -12.1], [126.6, -12.2], [126.4, -12.3], [126.1, -12.5], [125.7, -12.7], [125.4, -12.8], [125.1, -12.9], [124.7, -12.9], [124.3, -13.0], [123.9, -13.0], [123.5, -13.0], [123.2, -12.9], [122.8, -12.8], [122.5, -12.8], [122.2, -12.7], [121.9, -12.6], [121.6, -12.5], [121.3, -12.4], [121.0, -12.3], [120.7, -12.2], [120.5, -12.1], [120.2, -12.1], [119.9, -12.1], [119.6, -12.1], [119.3, -12.1], [119.0, -12.2], [118.7, -12.4], [118.4, -12.6], [118.1, -12.8], [117.9, -13.1], [117.7, -13.5], [117.4, -13.7], [117.1, -14.0], [116.9, -14.3], [116.7, -14.7], [116.5, -15.1], [116.4, -15.5], [116.3, -15.9], [116.2, -16.4], [116.2, -16.9], [116.2, -17.4], [116.3, -18.0], [116.3, -18.6], [116.3, -19.3], [116.2, -20.1], [116.4, -21.0], [116.5, -22.0], [116.9, -23.0], [117.4, -23.9], [118.2, -24.8], [118.9, -25.7], [119.6, -26.8], [120.7, -27.8], [121.9, -28.7], [123.3, -29.6], [124.8, -30.4], [126.5, -31.0], [128.3, -31.5], [130.2, -32.0]]}}, {"type": "Feature", "properties": {"sid": "1989305N07105", "basin": "Western North Pacific", "subbasin": "Missing", "start_time": "1989-10-31 12:00:00", "end_time": "1989-11-10 06:00:00", "point_count": 79, "max_wind_kt": 115.0, "min_pressure_mb": 970.0, "track_points": [{"time": "1989-10-31 12:00:00", "lat": 7.2, "lon": 105.2, "wind_kt": null, "pressure_mb": 1008.0, "category": 0}, {"time": "1989-10-31 15:00:00", "lat": 7.4, "lon": 105.0, "wind_kt": null, "pressure_mb": null, "category": 0}, {"time": "1989-10-31 18:00:00", "lat": 7.5, "lon": 104.8, "wind_kt": null, "pressure_mb": 1008.0, "category": 0}, {"time": "1989-10-31 21:00:00", "lat": 7.5, "lon": 104.6, "wind_kt": null, "pressure_mb": null, "category": 0}, {"time": "1989-11-01 00:00:00", "lat": 7.4, "lon": 104.0, "wind_kt": null, "pressure_mb": 1008.0, "category": 0}, {"time": "1989-11-01 03:00:00", "lat": 7.5, "lon": 103.5, "wind_kt": null, "pressure_mb": null, "category": 0}, {"time": "1989-11-01 06:00:00", "lat": 7.7, "lon": 103.2, "wind_kt": null, "pressure_mb": 1006.0, "category": 0}, {"time": "1989-11-01 09:00:00", "lat": 7.8, "lon": 102.9, "wind_kt": null, "pressure_mb": null, "category": 0}, {"time": "1989-11-01 12:00:00", "lat": 7.8, "lon": 102.7, "wind_kt": null, "pressure_mb": 1006.0, "category": 0}, {"time": "1989-11-01 15:00:00", "lat": 7.9, "lon": 102.6, "wind_kt": null, "pressure_mb": null, "category": 0}, {"time": "1989-11-01 18:00:00", "lat": 8.0, "lon": 102.5, "wind_kt": null, "pressure_mb": 1004.0, "category": 0}, {"time": "1989-11-01 21:00:00", "lat": 8.1, "lon": 102.4, "wind_kt": null, "pressure_mb": null, "category": 0}, {"time": "1989-11-02 00:00:00", "lat": 8.2, "lon": 102.3, "wind_kt": null, "pressure_mb": 1002.0, "category": 0}, {"time": "1989-11-02 03:00:00", "lat": 8.2, "lon": 102.2, "wind_kt": 35.0, "pressure_mb": 998.0, "category": 0}, {"time": "1989-11-02 06:00:00", "lat": 8.4, "lon": 102.1, "wind_kt": 40.0, "pressure_mb": 994.0, "category": 0}, {"time": "1989-11-02 09:00:00", "lat": 8.5, "lon": 102.0, "wind_kt": null, "pressure_mb": null, "category": 0}, {"time": "1989-11-02 12:00:00", "lat": 8.7, "lon": 101.9, "wind_kt": 40.0, "pressure_mb": 994.0, "category": 0}, {"time": "1989-11-02 15:00:00", "lat": 8.8, "lon": 101.8, "wind_kt": null, "pressure_mb": null, "category": 0}, {"time": "1989-11-02 18:00:00", "lat": 9.0, "lon": 101.7, "wind_kt": 45.0, "pressure_mb": 992.0, "category": 0}, {"time": "1989-11-02 21:00:00", "lat": 9.1, "lon": 101.6, "wind_kt": null, "pressure_mb": null, "category": 0}, {"time": "1989-11-03 00:00:00", "lat": 9.3, "lon": 101.5, "wind_kt": 45.0, "pressure_mb": 990.0, "category": 0}, {"time": "1989-11-03 03:00:00", "lat": 9.5, "lon": 101.4, "wind_kt": null, "pressure_mb": null, "category": 0}, {"time": "1989-11-03 06:00:00", "lat": 9.8, "lon": 101.2, "wind_kt": 55.0, "pressure_mb": 980.0, "category": 0}, {"time": "1989-11-03 09:00:00", "lat": 10.0, "lon": 101.0, "wind_kt": null, "pressure_mb": null, "category": 0}, {"time": "1989-11-03 12:00:00", "lat": 10.1, "lon": 100.8, "wind_kt": 60.0, "pressure_mb": 975.0, "category": 0}, {"time": "1989-11-03 15:00:00", "lat": 10.3, "lon": 100.6, "wind_kt": null, "pressure_mb": null, "category": 0}, {"time": "1989-11-03 18:00:00", "lat": 10.4, "lon": 100.4, "wind_kt": 65.0, "pressure_mb": 970.0, "category": 1}, {"time": "1989-11-03 21:00:00", "lat": 10.5, "lon": 100.1, "wind_kt": null, "pressure_mb": null, "category": 1}, {"time": "1989-11-04 00:00:00", "lat": 10.6, "lon": 99.8, "wind_kt": null, "pressure_mb": null, "category": 1}, {"time": "1989-11-04 03:00:00", "lat": 10.7, "lon": 99.5, "wind_kt": 115.0, "pressure_mb": null, "category": 4}, {"time": "1989-11-04 06:00:00", "lat": 10.8, "lon": 99.1, "wind_kt": null, "pressure_mb": null, "category": 4}, {"time": "1989-11-04 09:00:00", "lat": 11.0, "lon": 98.6, "wind_kt": null, "pressure_mb": null, "category": 4}, {"time": "1989-11-04 12:00:00", "lat": 11.1, "lon": 98.2, "wind_kt": 115.0, "pressure_mb": null, "category": 4}, {"time": "1989-11-04 15:00:00", "lat": 11.2, "lon": 97.8, "wind_kt": null, "pressure_mb": null, "category": 4}, {"time": "1989-11-04 18:00:00", "lat": 11.2, "lon": 97.4, "wind_kt": null, "pressure_mb": null, "category": 4}, {"time": "1989-11-04 21:00:00", "lat": 11.3, "lon": 97.0, "wind_kt": null, "pressure_mb": null, "category": 4}, {"time": "1989-11-05 00:00:00", "lat": 11.4, "lon": 96.6, "wind_kt": null, "pressure_mb": null, "category": 4}, {"time": "1989-11-05 03:00:00", "lat": 11.5, "lon": 96.2, "wind_kt": null, "pressure_mb": null, "category": 4}, {"time": "1989-11-05 06:00:00", "lat": 11.7, "lon": 95.7, "wind_kt": null, "pressure_mb": null, "category": 4}, {"time": "1989-11-05 09:00:00", "lat": 11.9, "lon": 95.2, "wind_kt": null, "pressure_mb": null, "category": 4}, {"time": "1989-11-05 12:00:00", "lat": 12.1, "lon": 94.7, "wind_kt": null, "pressure_mb": null, "category": 4}, {"time": "1989-11-05 15:00:00", "lat": 12.2, "lon": 94.1, "wind_kt": null, "pressure_mb": null, "category": 4}, {"time": "1989-11-05 18:00:00", "lat": 12.3, "lon": 93.6, "wind_kt": null, "pressure_mb": null, "category": 4}, {"time": "1989-11-05 21:00:00", "lat": 12.4, "lon": 93.1, "wind_kt": null, "pressure_mb": null, "category": 4}, {"time": "1989-11-06 00:00:00", "lat": 12.5, "lon": 92.5, "wind_kt": null, "pressure_mb": null, "category": 4}, {"time": "1989-11-06 03:00:00", "lat": 12.7, "lon": 91.9, "wind_kt": 110.0, "pressure_mb": null, "category": 3}, {"time": "1989-11-06 06:00:00", "lat": 13.0, "lon": 91.3, "wind_kt": null, "pressure_mb": null, "category": 3}, {"time": "1989-11-06 09:00:00", "lat": 13.2, "lon": 90.7, "wind_kt": null, "pressure_mb": null, "category": 3}, {"time": "1989-11-06 12:00:00", "lat": 13.4, "lon": 90.2, "wind_kt": null, "pressure_mb": null, "category": 3}, {"time": "1989-11-06 15:00:00", "lat": 13.5, "lon": 89.6, "wind_kt": null, "pressure_mb": null, "category": 3}, {"time": "1989-11-06 18:00:00", "lat": 13.7, "lon": 89.1, "wind_kt": null, "pressure_mb": null, "category": 3}, {"time": "1989-11-06 21:00:00", "lat": 13.8, "lon": 88.6, "wind_kt": null, "pressure_mb": null, "category": 3}, {"time": "1989-11-07 00:00:00", "lat": 13.9, "lon": 88.1, "wind_kt": null, "pressure_mb": null, "category": 3}, {"time": "1989-11-07 03:00:00", "lat": 14.1, "lon": 87.6, "wind_kt": null, "pressure_mb": null, "category": 3}, {"time": "1989-11-07 06:00:00", "lat": 14.2, "lon": 87.1, "wind_kt": null, "pressure_mb": null, "category": 3}, {"time": "1989-11-07 09:00:00", "lat": 14.4, "lon": 86.6, "wind_kt": null, "pressure_mb": null, "category": 3}, {"time": "1989-11-07 12:00:00", "lat": 14.5, "lon": 86.1, "wind_kt": null, "pressure_mb": null, "category": 3}, {"time": "1989-11-07 15:00:00", "lat": 14.5, "lon": 85.5, "wind_kt": null, "pressure_mb": null, "category": 3}, {"time": "1989-11-07 18:00:00", "lat": 14.6, "lon": 85.0, "wind_kt": null, "pressure_mb": null, "category": 3}, {"time": "1989-11-07 21:00:00", "lat": 14.6, "lon": 84.4, "wind_kt": null, "pressure_mb": null, "category": 3}, {"time": "1989-11-08 00:00:00", "lat": 14.6, "lon": 83.8, "wind_kt": null, "pressure_mb": null, "category": 3}, {"time": "1989-11-08 03:00:00", "lat": 14.6, "lon": 83.2, "wind_kt": 115.0, "pressure_mb": null, "category": 4}, {"time": "1989-11-08 06:00:00", "lat": 14.6, "lon": 82.6, "wind_kt": null, "pressure_mb": null, "category": 4}, {"time": "1989-11-08 09:00:00", "lat": 14.6, "lon": 82.0, "wind_kt": null, "pressure_mb": null, "category": 4}, {"time": "1989-11-08 12:00:00", "lat": 14.7, "lon": 81.4, "wind_kt": 115.0, "pressure_mb": null, "category": 4}, {"time": "1989-11-08 15:00:00", "lat": 14.8, "lon": 80.9, "wind_kt": null, "pressure_mb": null, "category": 4}, {"time": "1989-11-08 18:00:00", "lat": 14.8, "lon": 80.3, "wind_kt": null, "pressure_mb": null, "category": 4}, {"time": "1989-11-08 21:00:00", "lat": 14.9, "lon": 79.7, "wind_kt": null, "pressure_mb": null, "category": 4}, {"time": "1989-11-09 00:00:00", "lat": 15.1, "lon": 79.1, "wind_kt": null, "pressure_mb": null, "category": 4}, {"time": "1989-11-09 03:00:00", "lat": 15.2, "lon": 78.5, "wind_kt": 25.0, "pressure_mb": null, "category": -1}, {"time": "1989-11-09 06:00:00", "lat": 15.3, "lon": 77.8, "wind_kt": null, "pressure_mb": null, "category": -1}, {"time": "1989-11-09 09:00:00", "lat": 15.5, "lon": 77.1, "wind_kt": null, "pressure_mb": null, "category": -1}, {"time": "1989-11-09 12:00:00", "lat": 15.8, "lon": 76.5, "wind_kt": null, "pressure_mb": null, "category": -1}, {"time": "1989-11-09 15:00:00", "lat": 16.2, "lon": 76.0, "wind_kt": null, "pressure_mb": null, "category": -1}, {"time": "1989-11-09 18:00:00", "lat": 16.7, "lon": 75.5, "wind_kt": null, "pressure_mb": null, "category": -1}, {"time": "1989-11-09 21:00:00", "lat": 17.2, "lon": 75.0, "wind_kt": null, "pressure_mb": null, "category": -1}, {"time": "1989-11-10 00:00:00", "lat": 17.6, "lon": 74.6, "wind_kt": null, "pressure_mb": null, "category": -1}, {"time": "1989-11-10 03:00:00", "lat": 17.9, "lon": 74.3, "wind_kt": null, "pressure_mb": null, "category": -1}, {"time": "1989-11-10 06:00:00", "lat": 18.1, "lon": 74.0, "wind_kt": null, "pressure_mb": null, "category": -1}]}, "geometry": {"type": "LineString", "coordinates": [[105.2, 7.2], [105.0, 7.4], [104.8, 7.5], [104.6, 7.5], [104.0, 7.4], [103.5, 7.5], [103.2, 7.7], [102.9, 7.8], [102.7, 7.8], [102.6, 7.9], [102.5, 8.0], [102.4, 8.1], [102.3, 8.2], [102.2, 8.2], [102.1, 8.4], [102.0, 8.5], [101.9, 8.7], [101.8, 8.8], [101.7, 9.0], [101.6, 9.1], [101.5, 9.3], [101.4, 9.5], [101.2, 9.8], [101.0, 10.0], [100.8, 10.1], [100.6, 10.3], [100.4, 10.4], [100.1, 10.5], [99.8, 10.6], [99.5, 10.7], [99.1, 10.8], [98.6, 11.0], [98.2, 11.1], [97.8, 11.2], [97.4, 11.2], [97.0, 11.3], [96.6, 11.4], [96.2, 11.5], [95.7, 11.7], [95.2, 11.9], [94.7, 12.1], [94.1, 12.2], [93.6, 12.3], [93.1, 12.4], [92.5, 12.5], [91.9, 12.7], [91.3, 13.0], [90.7, 13.2], [90.2, 13.4], [89.6, 13.5], [89.1, 13.7], [88.6, 13.8], [88.1, 13.9], [87.6, 14.1], [87.1, 14.2], [86.6, 14.4], [86.1, 14.5], [85.5, 14.5], [85.0, 14.6], [84.4, 14.6], [83.8, 14.6], [83.2, 14.6], [82.6, 14.6], [82.0, 14.6], [81.4, 14.7], [80.9, 14.8], [80.3, 14.8], [79.7, 14.9], [79.1, 15.1], [78.5, 15.2], [77.8, 15.3], [77.1, 15.5], [76.5, 15.8], [76.0, 16.2], [75.5, 16.7], [75.0, 17.2], [74.6, 17.6], [74.3, 17.9], [74.0, 18.1]]}}, {"type": "Feature", "properties": {"sid": "1992230N11325", "basin": "North Atlantic", "subbasin": "North Atlantic", "start_time": "1992-08-16 18:00:00", "end_time": "1992-08-28 06:00:00", "point_count": 97, "max_wind_kt": 150.0, "min_pressure_mb": 922.0, "track_points": [{"time": "1992-08-16 18:00:00", "lat": 10.8, "lon": -35.5, "wind_kt": 25.0, "pressure_mb": 1010.0, "category": -1}, {"time": "1992-08-16 21:00:00", "lat": 11.0, "lon": -36.4, "wind_kt": null, "pressure_mb": null, "category": -1}, {"time": "1992-08-17 00:00:00", "lat": 11.2, "lon": -37.4, "wind_kt": 30.0, "pressure_mb": 1009.0, "category": -1}, {"time": "1992-08-17 03:00:00", "lat": 11.4, "lon": -38.5, "wind_kt": null, "pressure_mb": null, "category": -1}, {"time": "1992-08-17 06:00:00", "lat": 11.7, "lon": -39.6, "wind_kt": 30.0, "pressure_mb": 1008.0, "category": -1}, {"time": "1992-08-17 09:00:00", "lat": 12.0, "lon": -40.8, "wind_kt": null, "pressure_mb": null, "category": -1}, {"time": "1992-08-17 12:00:00", "lat": 12.3, "lon": -42.0, "wind_kt": 35.0, "pressure_mb": 1006.0, "category": 0}, {"time": "1992-08-17 15:00:00", "lat": 12.7, "lon": -43.1, "wind_kt": null, "pressure_mb": null, "category": 0}, {"time": "1992-08-17 18:00:00", "lat": 13.1, "lon": -44.2, "wind_kt": 35.0, "pressure_mb": 1003.0, "category": 0}, {"time": "1992-08-17 21:00:00", "lat": 13.4, "lon": -45.2, "wind_kt": null, "pressure_mb": null, "category": 0}, {"time": "1992-08-18 00:00:00", "lat": 13.6, "lon": -46.2, "wind_kt": 40.0, "pressure_mb": 1002.0, "category": 0}, {"time": "1992-08-18 03:00:00", "lat": 13.8, "lon": -47.1, "wind_kt": null, "pressure_mb": null, "category": 0}, {"time": "1992-08-18 06:00:00", "lat": 14.1, "lon": -48.0, "wind_kt": 45.0, "pressure_mb": 1001.0, "category": 0}, {"time": "1992-08-18 09:00:00", "lat": 14.3, "lon": -48.9, "wind_kt": null, "pressure_mb": null, "category": 0}, {"time": "1992-08-18 12:00:00", "lat": 14.6, "lon": -49.9, "wind_kt": 45.0, "pressure_mb": 1000.0, "category": 0}, {"time": "1992-08-18 15:00:00", "lat": 15.0, "lon": -50.9, "wind_kt": null, "pressure_mb": null, "category": 0}, {"time": "1992-08-18 18:00:00", "lat": 15.4, "lon": -51.8, "wind_kt": 45.0, "pressure_mb": 1000.0, "category": 0}, {"time": "1992-08-18 21:00:00", "lat": 15.8, "lon": -52.7, "wind_kt": null, "pressure_mb": null, "category": 0}, {"time": "1992-08-19 00:00:00", "lat": 16.3, "lon": -53.5, "wind_kt": 45.0, "pressure_mb": 1001.0, "category": 0}, {"time": "1992-08-19 03:00:00", "lat": 16.8, "lon": -54.4, "wind_kt": null, "pressure_mb": null, "category": 0}, {"time": "1992-08-19 06:00:00", "lat": 17.2, "lon": -55.3, "wind_kt": 45.0, "pressure_mb": 1002.0, "category": 0}, {"time": "1992-08-19 09:00:00", "lat": 17.6, "lon": -56.1, "wind_kt": null, "pressure_mb": null, "category": 0}, {"time": "1992-08-19 12:00:00", "lat": 18.0, "lon": -56.9, "wind_kt": 45.0, "pressure_mb": 1005.0, "category": 0}, {"time": "1992-08-19 15:00:00", "lat": 18.4, "lon": -57.6, "wind_kt": null, "pressure_mb": null, "category": 0}, {"time": "1992-08-19 18:00:00", "lat": 18.8, "lon": -58.3, "wind_kt": 45.0, "pressure_mb": 1007.0, "category": 0}, {"time": "1992-08-19 21:00:00", "lat": 19.3, "lon": -58.9, "wind_kt": null, "pressure_mb": null, "category": 0}, {"time": "1992-08-20 00:00:00", "lat": 19.8, "lon": -59.3, "wind_kt": 40.0, "pressure_mb": 1011.0, "category": 0}, {"time": "1992-08-20 03:00:00", "lat": 20.2, "lon": -59.7, "wind_kt": null, "pressure_mb": null, "category": 0}, {"time": "1992-08-20 06:00:00", "lat": 20.7, "lon": -60.0, "wind_kt": 40.0, "pressure_mb": 1013.0, "category": 0}, {"time": "1992-08-20 09:00:00", "lat": 21.2, "lon": -60.3, "wind_kt": null, "pressure_mb": null, "category": 0}, {"time": "1992-08-20 12:00:00", "lat": 21.7, "lon": -60.7, "wind_kt": 40.0, "pressure_mb": 1015.0, "category": 0}, {"time": "1992-08-20 15:00:00", "lat": 22.1, "lon": -61.1, "wind_kt": null, "pressure_mb": null, "category": 0}, {"time": "1992-08-20 18:00:00", "lat": 22.5, "lon": -61.5, "wind_kt": 40.0, "pressure_mb": 1014.0, "category": 0}, {"time": "1992-08-20 21:00:00", "lat": 22.9, "lon": -61.9, "wind_kt": null, "pressure_mb": null, "category": 0}, {"time": "1992-08-21 00:00:00", "lat": 23.2, "lon": -62.4, "wind_kt": 45.0, "pressure_mb": 1014.0, "category": 0}, {"time": "1992-08-21 03:00:00", "lat": 23.6, "lon": -62.9, "wind_kt": null, "pressure_mb": null, "category": 0}, {"time": "1992-08-21 06:00:00", "lat": 23.9, "lon": -63.3, "wind_kt": 45.0, "pressure_mb": 1010.0, "category": 0}, {"time": "1992-08-21 09:00:00", "lat": 24.2, "lon": -63.8, "wind_kt": null, "pressure_mb": null, "category": 0}, {"time": "1992-08-21 12:00:00", "lat": 24.4, "lon": -64.2, "wind_kt": 50.0, "pressure_mb": 1007.0, "category": 0}, {"time": "1992-08-21 15:00:00", "lat": 24.6, "lon": -64.5, "wind_kt": null, "pressure_mb": null, "category": 0}, {"time": "1992-08-21 18:00:00", "lat": 24.8, "lon": -64.9, "wind_kt": 50.0, "pressure_mb": 1004.0, "category": 0}, {"time": "1992-08-21 21:00:00", "lat": 25.1, "lon": -65.4, "wind_kt": null, "pressure_mb": null, "category": 0}, {"time": "1992-08-22 00:00:00", "lat": 25.3, "lon": -65.9, "wind_kt": 55.0, "pressure_mb": 1000.0, "category": 0}, {"time": "1992-08-22 03:00:00", "lat": 25.5, "lon": -66.4, "wind_kt": null, "pressure_mb": null, "category": 0}, {"time": "1992-08-22 06:00:00", "lat": 25.6, "lon": -67.0, "wind_kt": 65.0, "pressure_mb": 994.0, "category": 1}, {"time": "1992-08-22 09:00:00", "lat": 25.7, "lon": -67.6, "wind_kt": null, "pressure_mb": null, "category": 1}, {"time": "1992-08-22 12:00:00", "lat": 25.8, "lon": -68.3, "wind_kt": 80.0, "pressure_mb": 981.0, "category": 1}, {"time": "1992-08-22 15:00:00", "lat": 25.8, "lon": -69.0, "wind_kt": null, "pressure_mb": null, "category": 1}, {"time": "1992-08-22 18:00:00", "lat": 25.7, "lon": -69.7, "wind_kt": 95.0, "pressure_mb": 969.0, "category": 2}, {"time": "1992-08-22 21:00:00", "lat": 25.6, "lon": -70.4, "wind_kt": null, "pressure_mb": null, "category": 2}, {"time": "1992-08-23 00:00:00", "lat": 25.6, "lon": -71.1, "wind_kt": 110.0, "pressure_mb": 961.0, "category": 3}, {"time": "1992-08-23 03:00:00", "lat": 25.5, "lon": -71.8, "wind_kt": null, "pressure_mb": null, "category": 3}, {"time": "1992-08-23 06:00:00", "lat": 25.5, "lon": -72.5, "wind_kt": 130.0, "pressure_mb": 947.0, "category": 4}, {"time": "1992-08-23 09:00:00", "lat": 25.4, "lon": -73.3, "wind_kt": null, "pressure_mb": null, "category": 4}, {"time": "1992-08-23 12:00:00", "lat": 25.4, "lon": -74.2, "wind_kt": 145.0, "pressure_mb": 933.0, "category": 5}, {"time": "1992-08-23 15:00:00", "lat": 25.4, "lon": -75.0, "wind_kt": null, "pressure_mb": null, "category": 5}, {"time": "1992-08-23 18:00:00", "lat": 25.4, "lon": -75.8, "wind_kt": 150.0, "pressure_mb": 922.0, "category": 5}, {"time": "1992-08-23 21:00:00", "lat": 25.4, "lon": -76.6, "wind_kt": 140.0, "pressure_mb": 923.0, "category": 5}, {"time": "1992-08-24 00:00:00", "lat": 25.4, "lon": -77.5, "wind_kt": 125.0, "pressure_mb": 930.0, "category": 4}, {"time": "1992-08-24 01:00:00", "lat": 25.4, "lon": -77.8, "wind_kt": 130.0, "pressure_mb": 931.0, "category": 4}, {"time": "1992-08-24 03:00:00", "lat": 25.4, "lon": -78.4, "wind_kt": null, "pressure_mb": null, "category": 4}, {"time": "1992-08-24 06:00:00", "lat": 25.4, "lon": -79.3, "wind_kt": 130.0, "pressure_mb": 937.0, "category": 4}, {"time": "1992-08-24 08:40:00", "lat": 25.5, "lon": -80.2, "wind_kt": 145.0, "pressure_mb": 926.0, "category": 5}, {"time": "1992-08-24 09:00:00", "lat": 25.5, "lon": -80.3, "wind_kt": null, "pressure_mb": null, "category": 5}, {"time": "1992-08-24 09:05:00", "lat": 25.5, "lon": -80.3, "wind_kt": 145.0, "pressure_mb": 922.0, "category": 5}, {"time": "1992-08-24 12:00:00", "lat": 25.6, "lon": -81.2, "wind_kt": 115.0, "pressure_mb": 951.0, "category": 4}, {"time": "1992-08-24 15:00:00", "lat": 25.7, "lon": -82.1, "wind_kt": null, "pressure_mb": null, "category": 4}, {"time": "1992-08-24 18:00:00", "lat": 25.8, "lon": -83.1, "wind_kt": 115.0, "pressure_mb": 947.0, "category": 4}, {"time": "1992-08-24 21:00:00", "lat": 26.0, "lon": -84.1, "wind_kt": null, "pressure_mb": null, "category": 4}, {"time": "1992-08-25 00:00:00", "lat": 26.2, "lon": -85.0, "wind_kt": 115.0, "pressure_mb": 943.0, "category": 4}, {"time": "1992-08-25 03:00:00", "lat": 26.4, "lon": -85.9, "wind_kt": null, "pressure_mb": null, "category": 4}, {"time": "1992-08-25 06:00:00", "lat": 26.6, "lon": -86.7, "wind_kt": 115.0, "pressure_mb": 948.0, "category": 4}, {"time": "1992-08-25 09:00:00", "lat": 26.9, "lon": -87.5, "wind_kt": null, "pressure_mb": null, "category": 4}, {"time": "1992-08-25 12:00:00", "lat": 27.2, "lon": -88.2, "wind_kt": 120.0, "pressure_mb": 946.0, "category": 4}, {"time": "1992-08-25 15:00:00", "lat": 27.5, "lon": -88.9, "wind_kt": null, "pressure_mb": null, "category": 4}, {"time": "1992-08-25 18:00:00", "lat": 27.8, "lon": -89.6, "wind_kt": 125.0, "pressure_mb": 941.0, "category": 4}, {"time": "1992-08-25 21:00:00", "lat": 28.1, "lon": -90.1, "wind_kt": null, "pressure_mb": null, "category": 4}, {"time": "1992-08-26 00:00:00", "lat": 28.5, "lon": -90.5, "wind_kt": 125.0, "pressure_mb": 937.0, "category": 4}, {"time": "1992-08-26 03:00:00", "lat": 28.8, "lon": -90.9, "wind_kt": null, "pressure_mb": null, "category": 4}, {"time": "1992-08-26 06:00:00", "lat": 29.2, "lon": -91.3, "wind_kt": 120.0, "pressure_mb": 955.0, "category": 4}, {"time": "1992-08-26 08:30:00", "lat": 29.6, "lon": -91.5, "wind_kt": 100.0, "pressure_mb": 956.0, "category": 3}, {"time": "1992-08-26 09:00:00", "lat": 29.7, "lon": -91.5, "wind_kt": null, "pressure_mb": null, "category": 3}, {"time": "1992-08-26 12:00:00", "lat": 30.1, "lon": -91.7, "wind_kt": 80.0, "pressure_mb": 973.0, "category": 1}, {"time": "1992-08-26 15:00:00", "lat": 30.5, "lon": -91.7, "wind_kt": null, "pressure_mb": null, "category": 1}, {"time": "1992-08-26 18:00:00", "lat": 30.9, "lon": -91.6, "wind_kt": 50.0, "pressure_mb": 991.0, "category": 0}, {"time": "1992-08-26 21:00:00", "lat": 31.2, "lon": -91.4, "wind_kt": null, "pressure_mb": null, "category": 0}, {"time": "1992-08-27 00:00:00", "lat": 31.5, "lon": -91.1, "wind_kt": 35.0, "pressure_mb": 995.0, "category": 0}, {"time": "1992-08-27 03:00:00", "lat": 31.8, "lon": -90.8, "wind_kt": null, "pressure_mb": null, "category": 0}, {"time": "1992-08-27 06:00:00", "lat": 32.1, "lon": -90.5, "wind_kt": 30.0, "pressure_mb": 997.0, "category": -1}, {"time": "1992-08-27 09:00:00", "lat": 32.4, "lon": -90.1, "wind_kt": null, "pressure_mb": null, "category": -1}, {"time": "1992-08-27 12:00:00", "lat": 32.8, "lon": -89.6, "wind_kt": 30.0, "pressure_mb": 998.0, "category": -1}, {"time": "1992-08-27 15:00:00", "lat": 33.2, "lon": -89.1, "wind_kt": null, "pressure_mb": null, "category": -1}, {"time": "1992-08-27 18:00:00", "lat": 33.6, "lon": -88.4, "wind_kt": 25.0, "pressure_mb": 999.0, "category": -1}, {"time": "1992-08-27 21:00:00", "lat": 34.0, "lon": -87.7, "wind_kt": null, "pressure_mb": null, "category": -1}, {"time": "1992-08-28 00:00:00", "lat": 34.4, "lon": -86.7, "wind_kt": 20.0, "pressure_mb": 1000.0, "category": -1}, {"time": "1992-08-28 03:00:00", "lat": 34.9, "lon": -85.4, "wind_kt": null, "pressure_mb": null, "category": -1}, {"time": "1992-08-28 06:00:00", "lat": 35.4, "lon": -84.0, "wind_kt": 20.0, "pressure_mb": 1000.0, "category": -1}]}, "geometry": {"type": "LineString", "coordinates": [[-35.5, 10.8], [-36.4, 11.0], [-37.4, 11.2], [-38.5, 11.4], [-39.6, 11.7], [-40.8, 12.0], [-42.0, 12.3], [-43.1, 12.7], [-44.2, 13.1], [-45.2, 13.4], [-46.2, 13.6], [-47.1, 13.8], [-48.0, 14.1], [-48.9, 14.3], [-49.9, 14.6], [-50.9, 15.0], [-51.8, 15.4], [-52.7, 15.8], [-53.5, 16.3], [-54.4, 16.8], [-55.3, 17.2], [-56.1, 17.6], [-56.9, 18.0], [-57.6, 18.4], [-58.3, 18.8], [-58.9, 19.3], [-59.3, 19.8], [-59.7, 20.2], [-60.0, 20.7], [-60.3, 21.2], [-60.7, 21.7], [-61.1, 22.1], [-61.5, 22.5], [-61.9, 22.9], [-62.4, 23.2], [-62.9, 23.6], [-63.3, 23.9], [-63.8, 24.2], [-64.2, 24.4], [-64.5, 24.6], [-64.9, 24.8], [-65.4, 25.1], [-65.9, 25.3], [-66.4, 25.5], [-67.0, 25.6], [-67.6, 25.7], [-68.3, 25.8], [-69.0, 25.8], [-69.7, 25.7], [-70.4, 25.6], [-71.1, 25.6], [-71.8, 25.5], [-72.5, 25.5], [-73.3, 25.4], [-74.2, 25.4], [-75.0, 25.4], [-75.8, 25.4], [-76.6, 25.4], [-77.5, 25.4], [-77.8, 25.4], [-78.4, 25.4], [-79.3, 25.4], [-80.2, 25.5], [-80.3, 25.5], [-80.3, 25.5], [-81.2, 25.6], [-82.1, 25.7], [-83.1, 25.8], [-84.1, 26.0], [-85.0, 26.2], [-85.9, 26.4], [-86.7, 26.6], [-87.5, 26.9], [-88.2, 27.2], [-88.9, 27.5], [-89.6, 27.8], [-90.1, 28.1], [-90.5, 28.5], [-90.9, 28.8], [-91.3, 29.2], [-91.5, 29.6], [-91.5, 29.7], [-91.7, 30.1], [-91.7, 30.5], [-91.6, 30.9], [-91.4, 31.2], [-91.1, 31.5], [-90.8, 31.8], [-90.5, 32.1], [-90.1, 32.4], [-89.6, 32.8], [-89.1, 33.2], [-88.4, 33.6], [-87.7, 34.0], [-86.7, 34.4], [-85.4, 34.9], [-84.0, 35.4]]}}, {"type": "Feature", "properties": {"sid": "2004247N10332", "basin": "North Atlantic", "subbasin": "North Atlantic", "start_time": "2004-09-02 18:00:00", "end_time": "2004-09-24 06:00:00", "point_count": 179, "max_wind_kt": 145.0, "min_pressure_mb": 910.0, "track_points": [{"time": "2004-09-02 18:00:00", "lat": 9.7, "lon": -27.6, "wind_kt": 25.0, "pressure_mb": 1009.0, "category": -1}, {"time": "2004-09-02 21:00:00", "lat": 9.7, "lon": -28.1, "wind_kt": null, "pressure_mb": null, "category": -1}, {"time": "2004-09-03 00:00:00", "lat": 9.7, "lon": -28.7, "wind_kt": 30.0, "pressure_mb": 1007.0, "category": -1}, {"time": "2004-09-03 03:00:00", "lat": 9.7, "lon": -29.4, "wind_kt": null, "pressure_mb": null, "category": -1}, {"time": "2004-09-03 06:00:00", "lat": 9.7, "lon": -30.3, "wind_kt": 35.0, "pressure_mb": 1005.0, "category": 0}, {"time": "2004-09-03 09:00:00", "lat": 9.6, "lon": -31.2, "wind_kt": null, "pressure_mb": null, "category": 0}, {"time": "2004-09-03 12:00:00", "lat": 9.5, "lon": -32.1, "wind_kt": 40.0, "pressure_mb": 1003.0, "category": 0}, {"time": "2004-09-03 15:00:00", "lat": 9.4, "lon": -32.9, "wind_kt": null, "pressure_mb": null, "category": 0}, {"time": "2004-09-03 18:00:00", "lat": 9.3, "lon": -33.6, "wind_kt": 45.0, "pressure_mb": 1000.0, "category": 0}, {"time": "2004-09-03 21:00:00", "lat": 9.2, "lon": -34.3, "wind_kt": null, "pressure_mb": null, "category": 0}, {"time": "2004-09-04 00:00:00", "lat": 9.1, "lon": -35.0, "wind_kt": 45.0, "pressure_mb": 999.0, "category": 0}, {"time": "2004-09-04 03:00:00", "lat": 9.0, "lon": -35.7, "wind_kt": null, "pressure_mb": null, "category": 0}, {"time": "2004-09-04 06:00:00", "lat": 8.9, "lon": -36.5, "wind_kt": 50.0, "pressure_mb": 997.0, "category": 0}, {"time": "2004-09-04 09:00:00", "lat": 8.9, "lon": -37.3, "wind_kt": null, "pressure_mb": null, "category": 0}, {"time": "2004-09-04 12:00:00", "lat": 8.9, "lon": -38.2, "wind_kt": 50.0, "pressure_mb": 997.0, "category": 0}, {"time": "2004-09-04 15:00:00", "lat": 8.9, "lon": -39.1, "wind_kt": null, "pressure_mb": null, "category": 0}, {"time": "2004-09-04 18:00:00", "lat": 9.0, "lon": -39.9, "wind_kt": 55.0, "pressure_mb": 994.0, "category": 0}, {"time": "2004-09-04 21:00:00", "lat": 9.1, "lon": -40.6, "wind_kt": null, "pressure_mb": null, "category": 0}, {"time": "2004-09-05 00:00:00", "lat": 9.3, "lon": -41.4, "wind_kt": 60.0, "pressure_mb": 991.0, "category": 0}, {"time": "2004-09-05 03:00:00", "lat": 9.4, "lon": -42.4, "wind_kt": null, "pressure_mb": null, "category": 0}, {"time": "2004-09-05 06:00:00", "lat": 9.5, "lon": -43.4, "wind_kt": 65.0, "pressure_mb": 987.0, "category": 1}, {"time": "2004-09-05 09:00:00", "lat": 9.6, "lon": -44.3, "wind_kt": null, "pressure_mb": null, "category": 1}, {"time": "2004-09-05 12:00:00", "lat": 9.8, "lon": -45.1, "wind_kt": 85.0, "pressure_mb": 977.0, "category": 2}, {"time": "2004-09-05 15:00:00", "lat": 10.0, "lon": -46.0, "wind_kt": null, "pressure_mb": null, "category": 2}, {"time": "2004-09-05 18:00:00", "lat": 10.2, "lon": -46.8, "wind_kt": 110.0, "pressure_mb": 955.0, "category": 3}, {"time": "2004-09-05 21:00:00", "lat": 10.4, "lon": -47.6, "wind_kt": null, "pressure_mb": null, "category": 3}, {"time": "2004-09-06 00:00:00", "lat": 10.6, "lon": -48.5, "wind_kt": 115.0, "pressure_mb": 948.0, "category": 4}, {"time": "2004-09-06 03:00:00", "lat": 10.7, "lon": -49.5, "wind_kt": null, "pressure_mb": null, "category": 4}, {"time": "2004-09-06 06:00:00", "lat": 10.8, "lon": -50.5, "wind_kt": 110.0, "pressure_mb": 950.0, "category": 3}, {"time": "2004-09-06 09:00:00", "lat": 10.9, "lon": -51.5, "wind_kt": null, "pressure_mb": null, "category": 3}, {"time": "2004-09-06 12:00:00", "lat": 11.0, "lon": -52.5, "wind_kt": 110.0, "pressure_mb": 955.0, "category": 3}, {"time": "2004-09-06 15:00:00", "lat": 11.2, "lon": -53.5, "wind_kt": null, "pressure_mb": null, "category": 3}, {"time": "2004-09-06 18:00:00", "lat": 11.3, "lon": -54.4, "wind_kt": 90.0, "pressure_mb": 969.0, "category": 2}, {"time": "2004-09-06 21:00:00", "lat": 11.3, "lon": -55.3, "wind_kt": null, "pressure_mb": null, "category": 2}, {"time": "2004-09-07 00:00:00", "lat": 11.2, "lon": -56.1, "wind_kt": 90.0, "pressure_mb": 964.0, "category": 2}, {"time": "2004-09-07 03:00:00", "lat": 11.2, "lon": -57.0, "wind_kt": null, "pressure_mb": null, "category": 2}, {"time": "2004-09-07 06:00:00", "lat": 11.3, "lon": -57.8, "wind_kt": 95.0, "pressure_mb": 965.0, "category": 2}, {"time": "2004-09-07 09:00:00", "lat": 11.4, "lon": -58.6, "wind_kt": null, "pressure_mb": null, "category": 2}, {"time": "2004-09-07 12:00:00", "lat": 11.6, "lon": -59.4, "wind_kt": 100.0, "pressure_mb": 963.0, "category": 3}, {"time": "2004-09-07 15:00:00", "lat": 11.7, "lon": -60.3, "wind_kt": null, "pressure_mb": null, "category": 3}, {"time": "2004-09-07 18:00:00", "lat": 11.8, "lon": -61.1, "wind_kt": 105.0, "pressure_mb": 956.0, "category": 3}, {"time": "2004-09-07 21:00:00", "lat": 11.9, "lon": -61.7, "wind_kt": null, "pressure_mb": null, "category": 3}, {"time": "2004-09-07 21:30:00", "lat": 11.9, "lon": -61.8, "wind_kt": 110.0, "pressure_mb": 952.0, "category": 3}, {"time": "2004-09-08 00:00:00", "lat": 12.0, "lon": -62.6, "wind_kt": 115.0, "pressure_mb": 950.0, "category": 4}, {"time": "2004-09-08 03:00:00", "lat": 12.1, "lon": -63.4, "wind_kt": null, "pressure_mb": null, "category": 4}, {"time": "2004-09-08 06:00:00", "lat": 12.3, "lon": -64.1, "wind_kt": 120.0, "pressure_mb": 946.0, "category": 4}, {"time": "2004-09-08 09:00:00", "lat": 12.4, "lon": -64.8, "wind_kt": null, "pressure_mb": null, "category": 4}, {"time": "2004-09-08 12:00:00", "lat": 12.6, "lon": -65.5, "wind_kt": 120.0, "pressure_mb": 955.0, "category": 4}, {"time": "2004-09-08 15:00:00", "lat": 12.8, "lon": -66.3, "wind_kt": null, "pressure_mb": null, "category": 4}, {"time": "2004-09-08 18:00:00", "lat": 13.0, "lon": -67.0, "wind_kt": 120.0, "pressure_mb": 950.0, "category": 4}, {"time": "2004-09-08 21:00:00", "lat": 13.1, "lon": -67.7, "wind_kt": null, "pressure_mb": null, "category": 4}, {"time": "2004-09-09 00:00:00", "lat": 13.3, "lon": -68.3, "wind_kt": 130.0, "pressure_mb": 938.0, "category": 4}, {"time": "2004-09-09 03:00:00", "lat": 13.5, "lon": -68.9, "wind_kt": null, "pressure_mb": null, "category": 4}, {"time": "2004-09-09 06:00:00", "lat": 13.7, "lon": -69.5, "wind_kt": 140.0, "pressure_mb": 925.0, "category": 5}, {"time": "2004-09-09 09:00:00", "lat": 13.9, "lon": -70.2, "wind_kt": null, "pressure_mb": null, "category": 5}, {"time": "2004-09-09 12:00:00", "lat": 14.2, "lon": -70.8, "wind_kt": 140.0, "pressure_mb": 919.0, "category": 5}, {"time": "2004-09-09 15:00:00", "lat": 14.4, "lon": -71.4, "wind_kt": null, "pressure_mb": null, "category": 5}, {"time": "2004-09-09 18:00:00", "lat": 14.7, "lon": -71.9, "wind_kt": 130.0, "pressure_mb": 921.0, "category": 4}, {"time": "2004-09-09 21:00:00", "lat": 14.9, "lon": -72.4, "wind_kt": null, "pressure_mb": null, "category": 4}, {"time": "2004-09-10 00:00:00", "lat": 15.2, "lon": -72.8, "wind_kt": 130.0, "pressure_mb": 923.0, "category": 4}, {"time": "2004-09-10 03:00:00", "lat": 15.4, "lon": -73.3, "wind_kt": null, "pressure_mb": null, "category": 4}, {"time": "2004-09-10 06:00:00", "lat": 15.7, "lon": -73.8, "wind_kt": 125.0, "pressure_mb": 930.0, "category": 4}, {"time": "2004-09-10 09:00:00", "lat": 15.9, "lon": -74.2, "wind_kt": null, "pressure_mb": null, "category": 4}, {"time": "2004-09-10 12:00:00", "lat": 16.2, "lon": -74.7, "wind_kt": 125.0, "pressure_mb": 934.0, "category": 4}, {"time": "2004-09-10 15:00:00", "lat": 16.5, "lon": -75.3, "wind_kt": null, "pressure_mb": null, "category": 4}, {"time": "2004-09-10 18:00:00", "lat": 16.8, "lon": -75.8, "wind_kt": 120.0, "pressure_mb": 940.0, "category": 4}, {"time": "2004-09-10 21:00:00", "lat": 17.1, "lon": -76.1, "wind_kt": null, "pressure_mb": null, "category": 4}, {"time": "2004-09-11 00:00:00", "lat": 17.3, "lon": -76.5, "wind_kt": 135.0, "pressure_mb": 926.0, "category": 4}, {"time": "2004-09-11 03:00:00", "lat": 17.4, "lon": -77.1, "wind_kt": null, "pressure_mb": null, "category": 4}, {"time": "2004-09-11 03:30:00", "lat": 17.4, "lon": -77.2, "wind_kt": 130.0, "pressure_mb": 924.0, "category": 4}, {"time": "2004-09-11 06:00:00", "lat": 17.4, "lon": -77.6, "wind_kt": 130.0, "pressure_mb": 923.0, "category": 4}, {"time": "2004-09-11 09:00:00", "lat": 17.5, "lon": -78.0, "wind_kt": null, "pressure_mb": null, "category": 4}, {"time": "2004-09-11 12:00:00", "lat": 17.7, "lon": -78.4, "wind_kt": 125.0, "pressure_mb": 925.0, "category": 4}, {"time": "2004-09-11 15:00:00", "lat": 17.9, "lon": -78.7, "wind_kt": null, "pressure_mb": null, "category": 4}, {"time": "2004-09-11 18:00:00", "lat": 18.0, "lon": -79.0, "wind_kt": 145.0, "pressure_mb": 920.0, "category": 5}, {"time": "2004-09-11 21:00:00", "lat": 18.1, "lon": -79.3, "wind_kt": null, "pressure_mb": null, "category": 5}, {"time": "2004-09-12 00:00:00", "lat": 18.2, "lon": -79.6, "wind_kt": 145.0, "pressure_mb": 910.0, "category": 5}, {"time": "2004-09-12 03:00:00", "lat": 18.3, "lon": -80.0, "wind_kt": null, "pressure_mb": null, "category": 5}, {"time": "2004-09-12 06:00:00", "lat": 18.4, "lon": -80.4, "wind_kt": 135.0, "pressure_mb": 915.0, "category": 4}, {"time": "2004-09-12 09:00:00", "lat": 18.6, "lon": -80.8, "wind_kt": null, "pressure_mb": null, "category": 4}, {"time": "2004-09-12 12:00:00", "lat": 18.8, "lon": -81.2, "wind_kt": 135.0, "pressure_mb": 919.0, "category": 4}, {"time": "2004-09-12 14:15:00", "lat": 18.9, "lon": -81.5, "wind_kt": 130.0, "pressure_mb": 920.0, "category": 4}, {"time": "2004-09-12 15:00:00", "lat": 18.9, "lon": -81.6, "wind_kt": null, "pressure_mb": null, "category": 4}, {"time": "2004-09-12 18:00:00", "lat": 19.1, "lon": -82.1, "wind_kt": 130.0, "pressure_mb": 920.0, "category": 4}, {"time": "2004-09-12 21:00:00", "lat": 19.3, "lon": -82.5, "wind_kt": null, "pressure_mb": null, "category": 4}, {"time": "2004-09-13 00:00:00", "lat": 19.5, "lon": -82.8, "wind_kt": 140.0, "pressure_mb": 916.0, "category": 5}, {"time": "2004-09-13 03:00:00", "lat": 19.7, "lon": -83.2, "wind_kt": null, "pressure_mb": null, "category": 5}, {"time": "2004-09-13 06:00:00", "lat": 19.9, "lon": -83.5, "wind_kt": 140.0, "pressure_mb": 920.0, "category": 5}, {"time": "2004-09-13 09:00:00", "lat": 20.1, "lon": -83.8, "wind_kt": null, "pressure_mb": null, "category": 5}, {"time": "2004-09-13 12:00:00", "lat": 20.4, "lon": -84.1, "wind_kt": 140.0, "pressure_mb": 915.0, "category": 5}, {"time": "2004-09-13 15:00:00", "lat": 20.6, "lon": -84.4, "wind_kt": null, "pressure_mb": null, "category": 5}, {"time": "2004-09-13 18:00:00", "lat": 20.9, "lon": -84.7, "wind_kt": 140.0, "pressure_mb": 912.0, "category": 5}, {"time": "2004-09-13 21:00:00", "lat": 21.2, "lon": -84.8, "wind_kt": 140.0, "pressure_mb": 910.0, "category": 5}, {"time": "2004-09-14 00:00:00", "lat": 21.6, "lon": -85.1, "wind_kt": 140.0, "pressure_mb": 914.0, "category": 5}, {"time": "2004-09-14 01:00:00", "lat": 21.7, "lon": -85.2, "wind_kt": 140.0, "pressure_mb": 916.0, "category": 5}, {"time": "2004-09-14 03:00:00", "lat": 22.0, "lon": -85.4, "wind_kt": null, "pressure_mb": null, "category": 5}, {"time": "2004-09-14 06:00:00", "lat": 22.4, "lon": -85.6, "wind_kt": 140.0, "pressure_mb": 924.0, "category": 5}, {"time": "2004-09-14 09:00:00", "lat": 22.7, "lon": -85.8, "wind_kt": null, "pressure_mb": null, "category": 5}, {"time": "2004-09-14 12:00:00", "lat": 23.0, "lon": -86.0, "wind_kt": 125.0, "pressure_mb": 930.0, "category": 4}, {"time": "2004-09-14 15:00:00", "lat": 23.3, "lon": -86.2, "wind_kt": null, "pressure_mb": null, "category": 4}, {"time": "2004-09-14 18:00:00", "lat": 23.7, "lon": -86.5, "wind_kt": 120.0, "pressure_mb": 931.0, "category": 4}, {"time": "2004-09-14 21:00:00", "lat": 24.2, "lon": -86.8, "wind_kt": null, "pressure_mb": null, "category": 4}, {"time": "2004-09-15 00:00:00", "lat": 24.7, "lon": -87.0, "wind_kt": 120.0, "pressure_mb": 928.0, "category": 4}, {"time": "2004-09-15 03:00:00", "lat": 25.1, "lon": -87.2, "wind_kt": null, "pressure_mb": null, "category": 4}, {"time": "2004-09-15 06:00:00", "lat": 25.6, "lon": -87.4, "wind_kt": 120.0, "pressure_mb": 935.0, "category": 4}, {"time": "2004-09-15 09:00:00", "lat": 26.1, "lon": -87.7, "wind_kt": null, "pressure_mb": null, "category": 4}, {"time": "2004-09-15 12:00:00", "lat": 26.7, "lon": -87.9, "wind_kt": 115.0, "pressure_mb": 939.0, "category": 4}, {"time": "2004-09-15 15:00:00", "lat": 27.3, "lon": -88.1, "wind_kt": null, "pressure_mb": null, "category": 4}, {"time": "2004-09-15 18:00:00", "lat": 27.9, "lon": -88.2, "wind_kt": 115.0, "pressure_mb": 937.0, "category": 4}, {"time": "2004-09-15 21:00:00", "lat": 28.4, "lon": -88.2, "wind_kt": null, "pressure_mb": null, "category": 4}, {"time": "2004-09-16 00:00:00", "lat": 28.9, "lon": -88.2, "wind_kt": 110.0, "pressure_mb": 931.0, "category": 3}, {"time": "2004-09-16 03:00:00", "lat": 29.4, "lon": -88.0, "wind_kt": null, "pressure_mb": null, "category": 3}, {"time": "2004-09-16 06:00:00", "lat": 30.0, "lon": -87.9, "wind_kt": 105.0, "pressure_mb": 943.0, "category": 3}, {"time": "2004-09-16 06:50:00", "lat": 30.2, "lon": -87.9, "wind_kt": 105.0, "pressure_mb": 946.0, "category": 3}, {"time": "2004-09-16 09:00:00", "lat": 30.7, "lon": -87.8, "wind_kt": null, "pressure_mb": null, "category": 3}, {"time": "2004-09-16 12:00:00", "lat": 31.4, "lon": -87.7, "wind_kt": 70.0, "pressure_mb": 965.0, "category": 1}, {"time": "2004-09-16 15:00:00", "lat": 32.0, "lon": -87.6, "wind_kt": null, "pressure_mb": null, "category": 1}, {"time": "2004-09-16 18:00:00", "lat": 32.5, "lon": -87.4, "wind_kt": 50.0, "pressure_mb": 975.0, "category": 0}, {"time": "2004-09-16 21:00:00", "lat": 33.2, "lon": -87.0, "wind_kt": null, "pressure_mb": null, "category": 0}, {"time": "2004-09-17 00:00:00", "lat": 33.8, "lon": -86.5, "wind_kt": 30.0, "pressure_mb": 986.0, "category": -1}, {"time": "2004-09-17 03:00:00", "lat": 34.3, "lon": -86.2, "wind_kt": null, "pressure_mb": null, "category": -1}, {"time": "2004-09-17 06:00:00", "lat": 34.7, "lon": -85.7, "wind_kt": 25.0, "pressure_mb": 991.0, "category": -1}, {"time": "2004-09-17 09:00:00", "lat": 35.1, "lon": -84.9, "wind_kt": null, "pressure_mb": null, "category": -1}, {"time": "2004-09-17 12:00:00", "lat": 35.4, "lon": -84.0, "wind_kt": 20.0, "pressure_mb": 994.0, "category": -1}, {"time": "2004-09-17 15:00:00", "lat": 35.8, "lon": -83.2, "wind_kt": null, "pressure_mb": null, "category": -1}, {"time": "2004-09-17 18:00:00", "lat": 36.2, "lon": -82.3, "wind_kt": 20.0, "pressure_mb": 996.0, "category": -1}, {"time": "2004-09-17 21:00:00", "lat": 36.6, "lon": -81.4, "wind_kt": null, "pressure_mb": null, "category": -1}, {"time": "2004-09-18 00:00:00", "lat": 37.0, "lon": -80.5, "wind_kt": 20.0, "pressure_mb": 999.0, "category": -1}, {"time": "2004-09-18 03:00:00", "lat": 37.4, "lon": -79.5, "wind_kt": null, "pressure_mb": null, "category": -1}, {"time": "2004-09-18 06:00:00", "lat": 37.7, "lon": -78.5, "wind_kt": 15.0, "pressure_mb": 998.0, "category": -1}, {"time": "2004-09-18 09:00:00", "lat": 38.1, "lon": -77.5, "wind_kt": null, "pressure_mb": null, "category": -1}, {"time": "2004-09-18 12:00:00", "lat": 38.4, "lon": -76.7, "wind_kt": 15.0, "pressure_mb": 1000.0, "category": -1}, {"time": "2004-09-18 15:00:00", "lat": 38.3, "lon": -76.1, "wind_kt": null, "pressure_mb": null, "category": -1}, {"time": "2004-09-18 18:00:00", "lat": 38.0, "lon": -75.5, "wind_kt": 25.0, "pressure_mb": 1002.0, "category": -1}, {"time": "2004-09-18 21:00:00", "lat": 37.8, "lon": -74.7, "wind_kt": null, "pressure_mb": null, "category": -1}, {"time": "2004-09-19 00:00:00", "lat": 37.5, "lon": -74.0, "wind_kt": 35.0, "pressure_mb": 1003.0, "category": 0}, {"time": "2004-09-19 03:00:00", "lat": 36.8, "lon": -73.9, "wind_kt": null, "pressure_mb": null, "category": 0}, {"time": "2004-09-19 06:00:00", "lat": 36.0, "lon": -74.0, "wind_kt": 35.0, "pressure_mb": 1005.0, "category": 0}, {"time": "2004-09-19 09:00:00", "lat": 35.3, "lon": -74.2, "wind_kt": null, "pressure_mb": null, "category": 0}, {"time": "2004-09-19 12:00:00", "lat": 34.5, "lon": -74.5, "wind_kt": 35.0, "pressure_mb": 1008.0, "category": 0}, {"time": "2004-09-19 15:00:00", "lat": 33.7, "lon": -75.1, "wind_kt": null, "pressure_mb": null, "category": 0}, {"time": "2004-09-19 18:00:00", "lat": 32.8, "lon": -75.8, "wind_kt": 35.0, "pressure_mb": 1008.0, "category": 0}, {"time": "2004-09-19 21:00:00", "lat": 31.9, "lon": -76.7, "wind_kt": null, "pressure_mb": null, "category": 0}, {"time": "2004-09-20 00:00:00", "lat": 31.0, "lon": -77.5, "wind_kt": 35.0, "pressure_mb": 1008.0, "category": 0}, {"time": "2004-09-20 03:00:00", "lat": 30.0, "lon": -78.1, "wind_kt": null, "pressure_mb": null, "category": 0}, {"time": "2004-09-20 06:00:00", "lat": 29.0, "lon": -78.5, "wind_kt": 35.0, "pressure_mb": 1008.0, "category": 0}, {"time": "2004-09-20 09:00:00", "lat": 28.2, "lon": -78.6, "wind_kt": null, "pressure_mb": null, "category": 0}, {"time": "2004-09-20 12:00:00", "lat": 27.5, "lon": -78.7, "wind_kt": 30.0, "pressure_mb": 1009.0, "category": -1}, {"time": "2004-09-20 15:00:00", "lat": 26.9, "lon": -78.9, "wind_kt": null, "pressure_mb": null, "category": -1}, {"time": "2004-09-20 18:00:00", "lat": 26.4, "lon": -79.1, "wind_kt": 25.0, "pressure_mb": 1009.0, "category": -1}, {"time": "2004-09-20 21:00:00", "lat": 26.2, "lon": -79.4, "wind_kt": null, "pressure_mb": null, "category": -1}, {"time": "2004-09-21 00:00:00", "lat": 26.1, "lon": -79.7, "wind_kt": 25.0, "pressure_mb": 1009.0, "category": -1}, {"time": "2004-09-21 03:00:00", "lat": 26.0, "lon": -80.1, "wind_kt": null, "pressure_mb": null, "category": -1}, {"time": "2004-09-21 06:00:00", "lat": 25.9, "lon": -80.6, "wind_kt": 25.0, "pressure_mb": 1009.0, "category": -1}, {"time": "2004-09-21 09:00:00", "lat": 25.9, "lon": -81.1, "wind_kt": null, "pressure_mb": null, "category": -1}, {"time": "2004-09-21 12:00:00", "lat": 25.8, "lon": -81.7, "wind_kt": 25.0, "pressure_mb": 1009.0, "category": -1}, {"time": "2004-09-21 15:00:00", "lat": 25.5, "lon": -82.2, "wind_kt": null, "pressure_mb": null, "category": -1}, {"time": "2004-09-21 18:00:00", "lat": 25.2, "lon": -82.8, "wind_kt": 25.0, "pressure_mb": 1010.0, "category": -1}, {"time": "2004-09-21 21:00:00", "lat": 24.9, "lon": -83.4, "wind_kt": null, "pressure_mb": null, "category": -1}, {"time": "2004-09-22 00:00:00", "lat": 24.8, "lon": -84.1, "wind_kt": 25.0, "pressure_mb": 1010.0, "category": -1}, {"time": "2004-09-22 03:00:00", "lat": 24.9, "lon": -85.1, "wind_kt": null, "pressure_mb": null, "category": -1}, {"time": "2004-09-22 06:00:00", "lat": 25.1, "lon": -86.1, "wind_kt": 25.0, "pressure_mb": 1010.0, "category": -1}, {"time": "2004-09-22 09:00:00", "lat": 25.5, "lon": -86.8, "wind_kt": null, "pressure_mb": null, "category": -1}, {"time": "2004-09-22 12:00:00", "lat": 26.0, "lon": -87.3, "wind_kt": 25.0, "pressure_mb": 1010.0, "category": -1}, {"time": "2004-09-22 15:00:00", "lat": 26.3, "lon": -88.0, "wind_kt": null, "pressure_mb": null, "category": -1}, {"time": "2004-09-22 18:00:00", "lat": 26.5, "lon": -88.6, "wind_kt": 30.0, "pressure_mb": 1008.0, "category": -1}, {"time": "2004-09-22 21:00:00", "lat": 26.8, "lon": -89.0, "wind_kt": null, "pressure_mb": null, "category": -1}, {"time": "2004-09-23 00:00:00", "lat": 27.1, "lon": -89.5, "wind_kt": 35.0, "pressure_mb": 1007.0, "category": 0}, {"time": "2004-09-23 03:00:00", "lat": 27.5, "lon": -90.2, "wind_kt": null, "pressure_mb": null, "category": 0}, {"time": "2004-09-23 06:00:00", "lat": 27.9, "lon": -91.0, "wind_kt": 35.0, "pressure_mb": 1007.0, "category": 0}, {"time": "2004-09-23 09:00:00", "lat": 28.4, "lon": -91.7, "wind_kt": null, "pressure_mb": null, "category": 0}, {"time": "2004-09-23 12:00:00", "lat": 28.9, "lon": -92.2, "wind_kt": 50.0, "pressure_mb": 998.0, "category": 0}, {"time": "2004-09-23 15:00:00", "lat": 29.1, "lon": -92.5, "wind_kt": null, "pressure_mb": null, "category": 0}, {"time": "2004-09-23 18:00:00", "lat": 29.2, "lon": -92.7, "wind_kt": 40.0, "pressure_mb": 1003.0, "category": 0}, {"time": "2004-09-23 21:00:00", "lat": 29.4, "lon": -92.9, "wind_kt": null, "pressure_mb": null, "category": 0}, {"time": "2004-09-24 00:00:00", "lat": 29.6, "lon": -93.2, "wind_kt": 30.0, "pressure_mb": 1003.0, "category": -1}, {"time": "2004-09-24 02:00:00", "lat": 29.8, "lon": -93.6, "wind_kt": 30.0, "pressure_mb": 1004.0, "category": -1}, {"time": "2004-09-24 03:00:00", "lat": 29.9, "lon": -93.8, "wind_kt": null, "pressure_mb": null, "category": -1}, {"time": "2004-09-24 06:00:00", "lat": 30.1, "lon": -94.2, "wind_kt": 25.0, "pressure_mb": 1009.0, "category": -1}]}, "geometry": {"type": "LineString", "coordinates": [[-27.6, 9.7], [-28.1, 9.7], [-28.7, 9.7], [-29.4, 9.7], [-30.3, 9.7], [-31.2, 9.6], [-32.1, 9.5], [-32.9, 9.4], [-33.6, 9.3], [-34.3, 9.2], [-35.0, 9.1], [-35.7, 9.0], [-36.5, 8.9], [-37.3, 8.9], [-38.2, 8.9], [-39.1, 8.9], [-39.9, 9.0], [-40.6, 9.1], [-41.4, 9.3], [-42.4, 9.4], [-43.4, 9.5], [-44.3, 9.6], [-45.1, 9.8], [-46.0, 10.0], [-46.8, 10.2], [-47.6, 10.4], [-48.5, 10.6], [-49.5, 10.7], [-50.5, 10.8], [-51.5, 10.9], [-52.5, 11.0], [-53.5, 11.2], [-54.4, 11.3], [-55.3, 11.3], [-56.1, 11.2], [-57.0, 11.2], [-57.8, 11.3], [-58.6, 11.4], [-59.4, 11.6], [-60.3, 11.7], [-61.1, 11.8], [-61.7, 11.9], [-61.8, 11.9], [-62.6, 12.0], [-63.4, 12.1], [-64.1, 12.3], [-64.8, 12.4], [-65.5, 12.6], [-66.3, 12.8], [-67.0, 13.0], [-67.7, 13.1], [-68.3, 13.3], [-68.9, 13.5], [-69.5, 13.7], [-70.2, 13.9], [-70.8, 14.2], [-71.4, 14.4], [-71.9, 14.7], [-72.4, 14.9], [-72.8, 15.2], [-73.3, 15.4], [-73.8, 15.7], [-74.2, 15.9], [-74.7, 16.2], [-75.3, 16.5], [-75.8, 16.8], [-76.1, 17.1], [-76.5, 17.3], [-77.1, 17.4], [-77.2, 17.4], [-77.6, 17.4], [-78.0, 17.5], [-78.4, 17.7], [-78.7, 17.9], [-79.0, 18.0], [-79.3, 18.1], [-79.6, 18.2], [-80.0, 18.3], [-80.4, 18.4], [-80.8, 18.6], [-81.2, 18.8], [-81.5, 18.9], [-81.6, 18.9], [-82.1, 19.1], [-82.5, 19.3], [-82.8, 19.5], [-83.2, 19.7], [-83.5, 19.9], [-83.8, 20.1], [-84.1, 20.4], [-84.4, 20.6], [-84.7, 20.9], [-84.8, 21.2], [-85.1, 21.6], [-85.2, 21.7], [-85.4, 22.0], [-85.6, 22.4], [-85.8, 22.7], [-86.0, 23.0], [-86.2, 23.3], [-86.5, 23.7], [-86.8, 24.2], [-87.0, 24.7], [-87.2, 25.1], [-87.4, 25.6], [-87.7, 26.1], [-87.9, 26.7], [-88.1, 27.3], [-88.2, 27.9], [-88.2, 28.4], [-88.2, 28.9], [-88.0, 29.4], [-87.9, 30.0], [-87.9, 30.2], [-87.8, 30.7], [-87.7, 31.4], [-87.6, 32.0], [-87.4, 32.5], [-87.0, 33.2], [-86.5, 33.8], [-86.2, 34.3], [-85.7, 34.7], [-84.9, 35.1], [-84.0, 35.4], [-83.2, 35.8], [-82.3, 36.2], [-81.4, 36.6], [-80.5, 37.0], [-79.5, 37.4], [-78.5, 37.7], [-77.5, 38.1], [-76.7, 38.4], [-76.1, 38.3], [-75.5, 38.0], [-74.7, 37.8], [-74.0, 37.5], [-73.9, 36.8], [-74.0, 36.0], [-74.2, 35.3], [-74.5, 34.5], [-75.1, 33.7], [-75.8, 32.8], [-76.7, 31.9], [-77.5, 31.0], [-78.1, 30.0], [-78.5, 29.0], [-78.6, 28.2], [-78.7, 27.5], [-78.9, 26.9], [-79.1, 26.4], [-79.4, 26.2], [-79.7, 26.1], [-80.1, 26.0], [-80.6, 25.9], [-81.1, 25.9], [-81.7, 25.8], [-82.2, 25.5], [-82.8, 25.2], [-83.4, 24.9], [-84.1, 24.8], [-85.1, 24.9], [-86.1, 25.1], [-86.8, 25.5], [-87.3, 26.0], [-88.0, 26.3], [-88.6, 26.5], [-89.0, 26.8], [-89.5, 27.1], [-90.2, 27.5], [-91.0, 27.9], [-91.7, 28.4], [-92.2, 28.9], [-92.5, 29.1], [-92.7, 29.2], [-92.9, 29.4], [-93.2, 29.6], [-93.6, 29.8], [-93.8, 29.9], [-94.2, 30.1]]}}, {"type": "Feature", "properties": {"sid": "2005186N12299", "basin": "North Atlantic", "subbasin": "Caribbean Sea", "start_time": "2005-07-04 18:00:00", "end_time": "2005-07-18 06:00:00", "point_count": 112, "max_wind_kt": 130.0, "min_pressure_mb": 930.0, "track_points": [{"time": "2005-07-04 18:00:00", "lat": 12.0, "lon": -60.8, "wind_kt": 25.0, "pressure_mb": 1010.0, "category": -1}, {"time": "2005-07-04 21:00:00", "lat": 12.1, "lon": -61.6, "wind_kt": 30.0, "pressure_mb": 1010.0, "category": -1}, {"time": "2005-07-05 00:00:00", "lat": 12.2, "lon": -62.5, "wind_kt": 30.0, "pressure_mb": 1009.0, "category": -1}, {"time": "2005-07-05 03:00:00", "lat": 12.3, "lon": -63.4, "wind_kt": null, "pressure_mb": null, "category": -1}, {"time": "2005-07-05 06:00:00", "lat": 12.5, "lon": -64.2, "wind_kt": 30.0, "pressure_mb": 1008.0, "category": -1}, {"time": "2005-07-05 09:00:00", "lat": 12.7, "lon": -65.1, "wind_kt": null, "pressure_mb": null, "category": -1}, {"time": "2005-07-05 12:00:00", "lat": 13.0, "lon": -65.9, "wind_kt": 35.0, "pressure_mb": 1007.0, "category": 0}, {"time": "2005-07-05 15:00:00", "lat": 13.3, "lon": -66.6, "wind_kt": null, "pressure_mb": null, "category": 0}, {"time": "2005-07-05 18:00:00", "lat": 13.6, "lon": -67.3, "wind_kt": 40.0, "pressure_mb": 1005.0, "category": 0}, {"time": "2005-07-05 21:00:00", "lat": 14.0, "lon": -67.9, "wind_kt": null, "pressure_mb": null, "category": 0}, {"time": "2005-07-06 00:00:00", "lat": 14.3, "lon": -68.5, "wind_kt": 45.0, "pressure_mb": 1000.0, "category": 0}, {"time": "2005-07-06 03:00:00", "lat": 14.5, "lon": -69.1, "wind_kt": null, "pressure_mb": null, "category": 0}, {"time": "2005-07-06 06:00:00", "lat": 14.7, "lon": -69.7, "wind_kt": 50.0, "pressure_mb": 995.0, "category": 0}, {"time": "2005-07-06 09:00:00", "lat": 14.9, "lon": -70.3, "wind_kt": null, "pressure_mb": null, "category": 0}, {"time": "2005-07-06 12:00:00", "lat": 15.1, "lon": -70.9, "wind_kt": 55.0, "pressure_mb": 991.0, "category": 0}, {"time": "2005-07-06 15:00:00", "lat": 15.3, "lon": -71.4, "wind_kt": null, "pressure_mb": null, "category": 0}, {"time": "2005-07-06 18:00:00", "lat": 15.6, "lon": -71.9, "wind_kt": 60.0, "pressure_mb": 989.0, "category": 0}, {"time": "2005-07-06 21:00:00", "lat": 15.9, "lon": -72.4, "wind_kt": null, "pressure_mb": null, "category": 0}, {"time": "2005-07-07 00:00:00", "lat": 16.2, "lon": -73.0, "wind_kt": 70.0, "pressure_mb": 982.0, "category": 1}, {"time": "2005-07-07 03:00:00", "lat": 16.4, "lon": -73.6, "wind_kt": null, "pressure_mb": null, "category": 1}, {"time": "2005-07-07 06:00:00", "lat": 16.7, "lon": -74.1, "wind_kt": 80.0, "pressure_mb": 972.0, "category": 1}, {"time": "2005-07-07 09:00:00", "lat": 17.1, "lon": -74.5, "wind_kt": null, "pressure_mb": null, "category": 1}, {"time": "2005-07-07 12:00:00", "lat": 17.6, "lon": -74.9, "wind_kt": 90.0, "pressure_mb": 967.0, "category": 2}, {"time": "2005-07-07 15:00:00", "lat": 18.1, "lon": -75.5, "wind_kt": null, "pressure_mb": null, "category": 2}, {"time": "2005-07-07 18:00:00", "lat": 18.5, "lon": -76.1, "wind_kt": 100.0, "pressure_mb": 957.0, "category": 3}, {"time": "2005-07-07 21:00:00", "lat": 18.9, "lon": -76.6, "wind_kt": null, "pressure_mb": null, "category": 3}, {"time": "2005-07-08 00:00:00", "lat": 19.4, "lon": -77.1, "wind_kt": 120.0, "pressure_mb": 951.0, "category": 4}, {"time": "2005-07-08 02:45:00", "lat": 19.9, "lon": -77.6, "wind_kt": 120.0, "pressure_mb": 956.0, "category": 4}, {"time": "2005-07-08 03:00:00", "lat": 19.9, "lon": -77.7, "wind_kt": null, "pressure_mb": null, "category": 4}, {"time": "2005-07-08 06:00:00", "lat": 20.3, "lon": -78.4, "wind_kt": 110.0, "pressure_mb": 953.0, "category": 3}, {"time": "2005-07-08 09:00:00", "lat": 20.6, "lon": -79.0, "wind_kt": null, "pressure_mb": null, "category": 3}, {"time": "2005-07-08 12:00:00", "lat": 20.9, "lon": -79.5, "wind_kt": 130.0, "pressure_mb": 938.0, "category": 4}, {"time": "2005-07-08 15:00:00", "lat": 21.5, "lon": -80.1, "wind_kt": null, "pressure_mb": null, "category": 4}, {"time": "2005-07-08 18:00:00", "lat": 22.0, "lon": -80.6, "wind_kt": 120.0, "pressure_mb": 941.0, "category": 4}, {"time": "2005-07-08 18:45:00", "lat": 22.1, "lon": -80.7, "wind_kt": 120.0, "pressure_mb": 941.0, "category": 4}, {"time": "2005-07-08 21:00:00", "lat": 22.4, "lon": -81.1, "wind_kt": null, "pressure_mb": null, "category": 4}, {"time": "2005-07-09 00:00:00", "lat": 22.7, "lon": -81.6, "wind_kt": 100.0, "pressure_mb": 960.0, "category": 3}, {"time": "2005-07-09 03:00:00", "lat": 23.0, "lon": -82.1, "wind_kt": null, "pressure_mb": null, "category": 3}, {"time": "2005-07-09 06:00:00", "lat": 23.4, "lon": -82.5, "wind_kt": 75.0, "pressure_mb": 973.0, "category": 1}, {"time": "2005-07-09 09:00:00", "lat": 23.8, "lon": -83.0, "wind_kt": null, "pressure_mb": null, "category": 1}, {"time": "2005-07-09 12:00:00", "lat": 24.3, "lon": -83.4, "wind_kt": 80.0, "pressure_mb": 967.0, "category": 1}, {"time": "2005-07-09 15:00:00", "lat": 24.7, "lon": -83.8, "wind_kt": null, "pressure_mb": null, "category": 1}, {"time": "2005-07-09 18:00:00", "lat": 25.2, "lon": -84.2, "wind_kt": 90.0, "pressure_mb": 962.0, "category": 2}, {"time": "2005-07-09 21:00:00", "lat": 25.6, "lon": -84.6, "wind_kt": null, "pressure_mb": null, "category": 2}, {"time": "2005-07-10 00:00:00", "lat": 26.1, "lon": -85.0, "wind_kt": 110.0, "pressure_mb": 942.0, "category": 3}, {"time": "2005-07-10 03:00:00", "lat": 26.6, "lon": -85.4, "wind_kt": null, "pressure_mb": null, "category": 3}, {"time": "2005-07-10 06:00:00", "lat": 27.2, "lon": -85.8, "wind_kt": 125.0, "pressure_mb": 935.0, "category": 4}, {"time": "2005-07-10 09:00:00", "lat": 27.8, "lon": -86.1, "wind_kt": null, "pressure_mb": null, "category": 4}, {"time": "2005-07-10 12:00:00", "lat": 28.5, "lon": -86.3, "wind_kt": 120.0, "pressure_mb": 930.0, "category": 4}, {"time": "2005-07-10 15:00:00", "lat": 29.1, "lon": -86.6, "wind_kt": null, "pressure_mb": null, "category": 4}, {"time": "2005-07-10 18:00:00", "lat": 29.9, "lon": -86.9, "wind_kt": 110.0, "pressure_mb": 942.0, "category": 3}, {"time": "2005-07-10 19:30:00", "lat": 30.4, "lon": -87.1, "wind_kt": 105.0, "pressure_mb": 946.0, "category": 3}, {"time": "2005-07-10 21:00:00", "lat": 30.8, "lon": -87.3, "wind_kt": null, "pressure_mb": null, "category": 3}, {"time": "2005-07-11 00:00:00", "lat": 31.5, "lon": -87.7, "wind_kt": 45.0, "pressure_mb": 970.0, "category": 0}, {"time": "2005-07-11 03:00:00", "lat": 32.1, "lon": -88.1, "wind_kt": null, "pressure_mb": null, "category": 0}, {"time": "2005-07-11 06:00:00", "lat": 32.6, "lon": -88.5, "wind_kt": 30.0, "pressure_mb": 991.0, "category": -1}, {"time": "2005-07-11 09:00:00", "lat": 33.2, "lon": -88.7, "wind_kt": null, "pressure_mb": null, "category": -1}, {"time": "2005-07-11 12:00:00", "lat": 33.9, "lon": -88.8, "wind_kt": 25.0, "pressure_mb": 997.0, "category": -1}, {"time": "2005-07-11 15:00:00", "lat": 34.6, "lon": -89.0, "wind_kt": null, "pressure_mb": null, "category": -1}, {"time": "2005-07-11 18:00:00", "lat": 35.3, "lon": -89.1, "wind_kt": 20.0, "pressure_mb": 1002.0, "category": -1}, {"time": "2005-07-11 21:00:00", "lat": 35.9, "lon": -89.2, "wind_kt": null, "pressure_mb": null, "category": -1}, {"time": "2005-07-12 00:00:00", "lat": 36.4, "lon": -89.2, "wind_kt": 20.0, "pressure_mb": 1003.0, "category": -1}, {"time": "2005-07-12 03:00:00", "lat": 36.8, "lon": -89.1, "wind_kt": null, "pressure_mb": null, "category": -1}, {"time": "2005-07-12 06:00:00", "lat": 37.1, "lon": -89.0, "wind_kt": 15.0, "pressure_mb": 1005.0, "category": -1}, {"time": "2005-07-12 09:00:00", "lat": 37.4, "lon": -88.9, "wind_kt": null, "pressure_mb": null, "category": -1}, {"time": "2005-07-12 12:00:00", "lat": 37.7, "lon": -88.7, "wind_kt": 15.0, "pressure_mb": 1007.0, "category": -1}, {"time": "2005-07-12 15:00:00", "lat": 37.9, "lon": -88.5, "wind_kt": null, "pressure_mb": null, "category": -1}, {"time": "2005-07-12 18:00:00", "lat": 38.1, "lon": -88.3, "wind_kt": 15.0, "pressure_mb": 1008.0, "category": -1}, {"time": "2005-07-12 21:00:00", "lat": 38.3, "lon": -88.1, "wind_kt": null, "pressure_mb": null, "category": -1}, {"time": "2005-07-13 00:00:00", "lat": 38.5, "lon": -87.8, "wind_kt": 15.0, "pressure_mb": 1009.0, "category": -1}, {"time": "2005-07-13 03:00:00", "lat": 38.7, "lon": -87.5, "wind_kt": null, "pressure_mb": null, "category": -1}, {"time": "2005-07-13 06:00:00", "lat": 38.9, "lon": -87.2, "wind_kt": 15.0, "pressure_mb": 1010.0, "category": -1}, {"time": "2005-07-13 09:00:00", "lat": 39.1, "lon": -86.9, "wind_kt": null, "pressure_mb": null, "category": -1}, {"time": "2005-07-13 12:00:00", "lat": 39.2, "lon": -86.5, "wind_kt": 15.0, "pressure_mb": 1010.0, "category": -1}, {"time": "2005-07-13 15:00:00", "lat": 39.2, "lon": -86.1, "wind_kt": null, "pressure_mb": null, "category": -1}, {"time": "2005-07-13 18:00:00", "lat": 39.2, "lon": -85.8, "wind_kt": 15.0, "pressure_mb": 1010.0, "category": -1}, {"time": "2005-07-13 21:00:00", "lat": 39.2, "lon": -85.7, "wind_kt": null, "pressure_mb": null, "category": -1}, {"time": "2005-07-14 00:00:00", "lat": 39.2, "lon": -85.7, "wind_kt": 10.0, "pressure_mb": 1009.0, "category": -1}, {"time": "2005-07-14 03:00:00", "lat": 39.1, "lon": -85.6, "wind_kt": null, "pressure_mb": null, "category": -1}, {"time": "2005-07-14 06:00:00", "lat": 39.0, "lon": -85.6, "wind_kt": 10.0, "pressure_mb": 1009.0, "category": -1}, {"time": "2005-07-14 09:00:00", "lat": 38.9, "lon": -85.6, "wind_kt": null, "pressure_mb": null, "category": -1}, {"time": "2005-07-14 12:00:00", "lat": 38.7, "lon": -85.6, "wind_kt": 10.0, "pressure_mb": 1010.0, "category": -1}, {"time": "2005-07-14 15:00:00", "lat": 38.5, "lon": -85.6, "wind_kt": null, "pressure_mb": null, "category": -1}, {"time": "2005-07-14 18:00:00", "lat": 38.4, "lon": -85.6, "wind_kt": 10.0, "pressure_mb": 1010.0, "category": -1}, {"time": "2005-07-14 21:00:00", "lat": 38.2, "lon": -85.7, "wind_kt": null, "pressure_mb": null, "category": -1}, {"time": "2005-07-15 00:00:00", "lat": 38.1, "lon": -85.8, "wind_kt": 10.0, "pressure_mb": 1009.0, "category": -1}, {"time": "2005-07-15 03:00:00", "lat": 38.0, "lon": -86.0, "wind_kt": null, "pressure_mb": null, "category": -1}, {"time": "2005-07-15 06:00:00", "lat": 37.9, "lon": -86.2, "wind_kt": 10.0, "pressure_mb": 1010.0, "category": -1}, {"time": "2005-07-15 09:00:00", "lat": 38.0, "lon": -86.3, "wind_kt": null, "pressure_mb": null, "category": -1}, {"time": "2005-07-15 12:00:00", "lat": 38.1, "lon": -86.4, "wind_kt": 10.0, "pressure_mb": 1012.0, "category": -1}, {"time": "2005-07-15 15:00:00", "lat": 38.2, "lon": -86.5, "wind_kt": null, "pressure_mb": null, "category": -1}, {"time": "2005-07-15 18:00:00", "lat": 38.4, "lon": -86.6, "wind_kt": 10.0, "pressure_mb": 1012.0, "category": -1}, {"time": "2005-07-15 21:00:00", "lat": 38.5, "lon": -86.7, "wind_kt": null, "pressure_mb": null, "category": -1}, {"time": "2005-07-16 00:00:00", "lat": 38.6, "lon": -86.8, "wind_kt": 10.0, "pressure_mb": 1011.0, "category": -1}, {"time": "2005-07-16 03:00:00", "lat": 39.0, "lon": -86.7, "wind_kt": null, "pressure_mb": null, "category": -1}, {"time": "2005-07-16 06:00:00", "lat": 39.4, "lon": -86.5, "wind_kt": 10.0, "pressure_mb": 1013.0, "category": -1}, {"time": "2005-07-16 09:00:00", "lat": 39.8, "lon": -86.4, "wind_kt": null, "pressure_mb": null, "category": -1}, {"time": "2005-07-16 12:00:00", "lat": 40.2, "lon": -86.2, "wind_kt": 10.0, "pressure_mb": 1013.0, "category": -1}, {"time": "2005-07-16 15:00:00", "lat": 40.5, "lon": -85.8, "wind_kt": null, "pressure_mb": null, "category": -1}, {"time": "2005-07-16 18:00:00", "lat": 40.8, "lon": -85.2, "wind_kt": 10.0, "pressure_mb": 1014.0, "category": -1}, {"time": "2005-07-16 21:00:00", "lat": 41.0, "lon": -84.6, "wind_kt": null, "pressure_mb": null, "category": -1}, {"time": "2005-07-17 00:00:00", "lat": 41.3, "lon": -84.1, "wind_kt": 10.0, "pressure_mb": 1013.0, "category": -1}, {"time": "2005-07-17 03:00:00", "lat": 41.7, "lon": -83.6, "wind_kt": null, "pressure_mb": null, "category": -1}, {"time": "2005-07-17 06:00:00", "lat": 42.2, "lon": -83.2, "wind_kt": 10.0, "pressure_mb": 1013.0, "category": -1}, {"time": "2005-07-17 09:00:00", "lat": 42.7, "lon": -82.7, "wind_kt": null, "pressure_mb": null, "category": -1}, {"time": "2005-07-17 12:00:00", "lat": 43.1, "lon": -82.3, "wind_kt": 10.0, "pressure_mb": 1013.0, "category": -1}, {"time": "2005-07-17 15:00:00", "lat": 43.5, "lon": -81.8, "wind_kt": null, "pressure_mb": null, "category": -1}, {"time": "2005-07-17 18:00:00", "lat": 43.9, "lon": -81.4, "wind_kt": 10.0, "pressure_mb": 1012.0, "category": -1}, {"time": "2005-07-17 21:00:00", "lat": 44.2, "lon": -80.9, "wind_kt": null, "pressure_mb": null, "category": -1}, {"time": "2005-07-18 00:00:00", "lat": 44.6, "lon": -80.5, "wind_kt": 10.0, "pressure_mb": 1010.0, "category": -1}, {"time": "2005-07-18 03:00:00", "lat": 45.1, "lon": -80.1, "wind_kt": null, "pressure_mb": null, "category": -1}, {"time": "2005-07-18 06:00:00", "lat": 45.8, "lon": -79.8, "wind_kt": 10.0, "pressure_mb": 1009.0, "category": -1}]}, "geometry": {"type": "LineString", "coordinates": [[-60.8, 12.0], [-61.6, 12.1], [-62.5, 12.2], [-63.4, 12.3], [-64.2, 12.5], [-65.1, 12.7], [-65.9, 13.0], [-66.6, 13.3], [-67.3, 13.6], [-67.9, 14.0], [-68.5, 14.3], [-69.1, 14.5], [-69.7, 14.7], [-70.3, 14.9], [-70.9, 15.1], [-71.4, 15.3], [-71.9, 15.6], [-72.4, 15.9], [-73.0, 16.2], [-73.6, 16.4], [-74.1, 16.7], [-74.5, 17.1], [-74.9, 17.6], [-75.5, 18.1], [-76.1, 18.5], [-76.6, 18.9], [-77.1, 19.4], [-77.6, 19.9], [-77.7, 19.9], [-78.4, 20.3], [-79.0, 20.6], [-79.5, 20.9], [-80.1, 21.5], [-80.6, 22.0], [-80.7, 22.1], [-81.1, 22.4], [-81.6, 22.7], [-82.1, 23.0], [-82.5, 23.4], [-83.0, 23.8], [-83.4, 24.3], [-83.8, 24.7], [-84.2, 25.2], [-84.6, 25.6], [-85.0, 26.1], [-85.4, 26.6], [-85.8, 27.2], [-86.1, 27.8], [-86.3, 28.5], [-86.6, 29.1], [-86.9, 29.9], [-87.1, 30.4], [-87.3, 30.8], [-87.7, 31.5], [-88.1, 32.1], [-88.5, 32.6], [-88.7, 33.2], [-88.8, 33.9], [-89.0, 34.6], [-89.1, 35.3], [-89.2, 35.9], [-89.2, 36.4], [-89.1, 36.8], [-89.0, 37.1], [-88.9, 37.4], [-88.7, 37.7], [-88.5, 37.9], [-88.3, 38.1], [-88.1, 38.3], [-87.8, 38.5], [-87.5, 38.7], [-87.2, 38.9], [-86.9, 39.1], [-86.5, 39.2], [-86.1, 39.2], [-85.8, 39.2], [-85.7, 39.2], [-85.7, 39.2], [-85.6, 39.1], [-85.6, 39.0], [-85.6, 38.9], [-85.6, 38.7], [-85.6, 38.5], [-85.6, 38.4], [-85.7, 38.2], [-85.8, 38.1], [-86.0, 38.0], [-86.2, 37.9], [-86.3, 38.0], [-86.4, 38.1], [-86.5, 38.2], [-86.6, 38.4], [-86.7, 38.5], [-86.8, 38.6], [-86.7, 39.0], [-86.5, 39.4], [-86.4, 39.8], [-86.2, 40.2], [-85.8, 40.5], [-85.2, 40.8], [-84.6, 41.0], [-84.1, 41.3], [-83.6, 41.7], [-83.2, 42.2], [-82.7, 42.7], [-82.3, 43.1], [-81.8, 43.5], [-81.4, 43.9], [-80.9, 44.2], [-80.5, 44.6], [-80.1, 45.1], [-79.8, 45.8]]}}, {"type": "Feature", "properties": {"sid": "2005236N23285", "basin": "North Atlantic", "subbasin": "North Atlantic", "start_time": "2005-08-23 18:00:00", "end_time": "2005-08-31 06:00:00", "point_count": 64, "max_wind_kt": 150.0, "min_pressure_mb": 902.0, "track_points": [{"time": "2005-08-23 18:00:00", "lat": 23.1, "lon": -75.1, "wind_kt": 30.0, "pressure_mb": 1008.0, "category": -1}, {"time": "2005-08-23 21:00:00", "lat": 23.2, "lon": -75.4, "wind_kt": null, "pressure_mb": null, "category": -1}, {"time": "2005-08-24 00:00:00", "lat": 23.4, "lon": -75.7, "wind_kt": 30.0, "pressure_mb": 1007.0, "category": -1}, {"time": "2005-08-24 03:00:00", "lat": 23.6, "lon": -76.0, "wind_kt": null, "pressure_mb": null, "category": -1}, {"time": "2005-08-24 06:00:00", "lat": 23.8, "lon": -76.2, "wind_kt": 30.0, "pressure_mb": 1007.0, "category": -1}, {"time": "2005-08-24 09:00:00", "lat": 24.1, "lon": -76.4, "wind_kt": null, "pressure_mb": null, "category": -1}, {"time": "2005-08-24 12:00:00", "lat": 24.5, "lon": -76.5, "wind_kt": 35.0, "pressure_mb": 1006.0, "category": 0}, {"time": "2005-08-24 15:00:00", "lat": 25.0, "lon": -76.7, "wind_kt": null, "pressure_mb": null, "category": 0}, {"time": "2005-08-24 18:00:00", "lat": 25.4, "lon": -76.9, "wind_kt": 40.0, "pressure_mb": 1003.0, "category": 0}, {"time": "2005-08-24 21:00:00", "lat": 25.8, "lon": -77.3, "wind_kt": null, "pressure_mb": null, "category": 0}, {"time": "2005-08-25 00:00:00", "lat": 26.0, "lon": -77.7, "wind_kt": 45.0, "pressure_mb": 1000.0, "category": 0}, {"time": "2005-08-25 03:00:00", "lat": 26.1, "lon": -78.1, "wind_kt": null, "pressure_mb": null, "category": 0}, {"time": "2005-08-25 06:00:00", "lat": 26.1, "lon": -78.4, "wind_kt": 50.0, "pressure_mb": 997.0, "category": 0}, {"time": "2005-08-25 09:00:00", "lat": 26.2, "lon": -78.7, "wind_kt": null, "pressure_mb": null, "category": 0}, {"time": "2005-08-25 12:00:00", "lat": 26.2, "lon": -79.0, "wind_kt": 55.0, "pressure_mb": 994.0, "category": 0}, {"time": "2005-08-25 15:00:00", "lat": 26.2, "lon": -79.3, "wind_kt": null, "pressure_mb": null, "category": 0}, {"time": "2005-08-25 18:00:00", "lat": 26.2, "lon": -79.6, "wind_kt": 60.0, "pressure_mb": 988.0, "category": 0}, {"time": "2005-08-25 21:00:00", "lat": 26.1, "lon": -79.9, "wind_kt": null, "pressure_mb": null, "category": 0}, {"time": "2005-08-25 22:30:00", "lat": 26.0, "lon": -80.1, "wind_kt": 70.0, "pressure_mb": 984.0, "category": 1}, {"time": "2005-08-26 00:00:00", "lat": 25.9, "lon": -80.3, "wind_kt": 70.0, "pressure_mb": 983.0, "category": 1}, {"time": "2005-08-26 03:00:00", "lat": 25.7, "lon": -80.8, "wind_kt": null, "pressure_mb": null, "category": 1}, {"time": "2005-08-26 06:00:00", "lat": 25.4, "lon": -81.3, "wind_kt": 65.0, "pressure_mb": 987.0, "category": 1}, {"time": "2005-08-26 09:00:00", "lat": 25.2, "lon": -81.7, "wind_kt": null, "pressure_mb": null, "category": 1}, {"time": "2005-08-26 12:00:00", "lat": 25.1, "lon": -82.0, "wind_kt": 75.0, "pressure_mb": 979.0, "category": 1}, {"time": "2005-08-26 15:00:00", "lat": 25.0, "lon": -82.3, "wind_kt": null, "pressure_mb": null, "category": 1}, {"time": "2005-08-26 18:00:00", "lat": 24.9, "lon": -82.6, "wind_kt": 85.0, "pressure_mb": 968.0, "category": 2}, {"time": "2005-08-26 21:00:00", "lat": 24.7, "lon": -82.9, "wind_kt": null, "pressure_mb": null, "category": 2}, {"time": "2005-08-27 00:00:00", "lat": 24.6, "lon": -83.3, "wind_kt": 90.0, "pressure_mb": 959.0, "category": 2}, {"time": "2005-08-27 03:00:00", "lat": 24.5, "lon": -83.7, "wind_kt": null, "pressure_mb": null, "category": 2}, {"time": "2005-08-27 06:00:00", "lat": 24.4, "lon": -84.0, "wind_kt": 95.0, "pressure_mb": 950.0, "category": 2}, {"time": "2005-08-27 09:00:00", "lat": 24.4, "lon": -84.4, "wind_kt": null, "pressure_mb": null, "category": 2}, {"time": "2005-08-27 12:00:00", "lat": 24.4, "lon": -84.7, "wind_kt": 100.0, "pressure_mb": 942.0, "category": 3}, {"time": "2005-08-27 15:00:00", "lat": 24.4, "lon": -85.0, "wind_kt": null, "pressure_mb": null, "category": 3}, {"time": "2005-08-27 18:00:00", "lat": 24.5, "lon": -85.3, "wind_kt": 100.0, "pressure_mb": 948.0, "category": 3}, {"time": "2005-08-27 21:00:00", "lat": 24.6, "lon": -85.6, "wind_kt": null, "pressure_mb": null, "category": 3}, {"time": "2005-08-28 00:00:00", "lat": 24.8, "lon": -85.9, "wind_kt": 100.0, "pressure_mb": 941.0, "category": 3}, {"time": "2005-08-28 03:00:00", "lat": 25.0, "lon": -86.3, "wind_kt": null, "pressure_mb": null, "category": 3}, {"time": "2005-08-28 06:00:00", "lat": 25.2, "lon": -86.7, "wind_kt": 125.0, "pressure_mb": 930.0, "category": 4}, {"time": "2005-08-28 09:00:00", "lat": 25.4, "lon": -87.2, "wind_kt": null, "pressure_mb": null, "category": 4}, {"time": "2005-08-28 12:00:00", "lat": 25.7, "lon": -87.7, "wind_kt": 145.0, "pressure_mb": 909.0, "category": 5}, {"time": "2005-08-28 15:00:00", "lat": 26.0, "lon": -88.2, "wind_kt": null, "pressure_mb": null, "category": 5}, {"time": "2005-08-28 18:00:00", "lat": 26.3, "lon": -88.6, "wind_kt": 150.0, "pressure_mb": 902.0, "category": 5}, {"time": "2005-08-28 21:00:00", "lat": 26.7, "lon": -88.9, "wind_kt": null, "pressure_mb": null, "category": 5}, {"time": "2005-08-29 00:00:00", "lat": 27.2, "lon": -89.2, "wind_kt": 140.0, "pressure_mb": 905.0, "category": 5}, {"time": "2005-08-29 03:00:00", "lat": 27.7, "lon": -89.4, "wind_kt": null, "pressure_mb": null, "category": 5}, {"time": "2005-08-29 06:00:00", "lat": 28.2, "lon": -89.6, "wind_kt": 125.0, "pressure_mb": 913.0, "category": 4}, {"time": "2005-08-29 09:00:00", "lat": 28.8, "lon": -89.6, "wind_kt": null, "pressure_mb": null, "category": 4}, {"time": "2005-08-29 11:10:00", "lat": 29.3, "lon": -89.6, "wind_kt": 110.0, "pressure_mb": 920.0, "category": 3}, {"time": "2005-08-29 12:00:00", "lat": 29.5, "lon": -89.6, "wind_kt": 110.0, "pressure_mb": 923.0, "category": 3}, {"time": "2005-08-29 14:45:00", "lat": 30.2, "lon": -89.6, "wind_kt": 105.0, "pressure_mb": 928.0, "category": 3}, {"time": "2005-08-29 15:00:00", "lat": 30.3, "lon": -89.6, "wind_kt": null, "pressure_mb": null, "category": 3}, {"time": "2005-08-29 18:00:00", "lat": 31.1, "lon": -89.6, "wind_kt": 80.0, "pressure_mb": 948.0, "category": 1}, {"time": "2005-08-29 21:00:00", "lat": 31.9, "lon": -89.4, "wind_kt": null, "pressure_mb": null, "category": 1}, {"time": "2005-08-30 00:00:00", "lat": 32.6, "lon": -89.1, "wind_kt": 50.0, "pressure_mb": 961.0, "category": 0}, {"time": "2005-08-30 03:00:00", "lat": 33.3, "lon": -88.9, "wind_kt": null, "pressure_mb": null, "category": 0}, {"time": "2005-08-30 06:00:00", "lat": 34.1, "lon": -88.6, "wind_kt": 40.0, "pressure_mb": 978.0, "category": 0}, {"time": "2005-08-30 09:00:00", "lat": 34.9, "lon": -88.3, "wind_kt": null, "pressure_mb": null, "category": 0}, {"time": "2005-08-30 12:00:00", "lat": 35.6, "lon": -88.0, "wind_kt": 30.0, "pressure_mb": 985.0, "category": -1}, {"time": "2005-08-30 15:00:00", "lat": 36.3, "lon": -87.6, "wind_kt": null, "pressure_mb": null, "category": -1}, {"time": "2005-08-30 18:00:00", "lat": 37.0, "lon": -87.0, "wind_kt": 30.0, "pressure_mb": 990.0, "category": -1}, {"time": "2005-08-30 21:00:00", "lat": 37.8, "lon": -86.3, "wind_kt": null, "pressure_mb": null, "category": -1}, {"time": "2005-08-31 00:00:00", "lat": 38.6, "lon": -85.3, "wind_kt": 30.0, "pressure_mb": 994.0, "category": -1}, {"time": "2005-08-31 03:00:00", "lat": 39.4, "lon": -84.2, "wind_kt": null, "pressure_mb": null, "category": -1}, {"time": "2005-08-31 06:00:00", "lat": 40.1, "lon": -82.9, "wind_kt": 25.0, "pressure_mb": 996.0, "category": -1}]}, "geometry": {"type": "LineString", "coordinates": [[-75.1, 23.1], [-75.4, 23.2], [-75.7, 23.4], [-76.0, 23.6], [-76.2, 23.8], [-76.4, 24.1], [-76.5, 24.5], [-76.7, 25.0], [-76.9, 25.4], [-77.3, 25.8], [-77.7, 26.0], [-78.1, 26.1], [-78.4, 26.1], [-78.7, 26.2], [-79.0, 26.2], [-79.3, 26.2], [-79.6, 26.2], [-79.9, 26.1], [-80.1, 26.0], [-80.3, 25.9], [-80.8, 25.7], [-81.3, 25.4], [-81.7, 25.2], [-82.0, 25.1], [-82.3, 25.0], [-82.6, 24.9], [-82.9, 24.7], [-83.3, 24.6], [-83.7, 24.5], [-84.0, 24.4], [-84.4, 24.4], [-84.7, 24.4], [-85.0, 24.4], [-85.3, 24.5], [-85.6, 24.6], [-85.9, 24.8], [-86.3, 25.0], [-86.7, 25.2], [-87.2, 25.4], [-87.7, 25.7], [-88.2, 26.0], [-88.6, 26.3], [-88.9, 26.7], [-89.2, 27.2], [-89.4, 27.7], [-89.6, 28.2], [-89.6, 28.8], [-89.6, 29.3], [-89.6, 29.5], [-89.6, 30.2], [-89.6, 30.3], [-89.6, 31.1], [-89.4, 31.9], [-89.1, 32.6], [-88.9, 33.3], [-88.6, 34.1], [-88.3, 34.9], [-88.0, 35.6], [-87.6, 36.3], [-87.0, 37.0], [-86.3, 37.8], [-85.3, 38.6], [-84.2, 39.4], [-82.9, 40.1]]}}, {"type": "Feature", "properties": {"sid": "2005261N21290", "basin": "North Atlantic", "subbasin": "North Atlantic", "start_time": "2005-09-18 00:00:00", "end_time": "2005-09-26 06:00:00", "point_count": 68, "max_wind_kt": 155.0, "min_pressure_mb": 895.0, "track_points": [{"time": "2005-09-18 00:00:00", "lat": 21.3, "lon": -69.9, "wind_kt": 25.0, "pressure_mb": 1009.0, "category": -1}, {"time": "2005-09-18 03:00:00", "lat": 21.5, "lon": -70.3, "wind_kt": null, "pressure_mb": null, "category": -1}, {"time": "2005-09-18 06:00:00", "lat": 21.6, "lon": -70.7, "wind_kt": 25.0, "pressure_mb": 1009.0, "category": -1}, {"time": "2005-09-18 09:00:00", "lat": 21.7, "lon": -71.1, "wind_kt": null, "pressure_mb": null, "category": -1}, {"time": "2005-09-18 12:00:00", "lat": 21.9, "lon": -71.5, "wind_kt": 30.0, "pressure_mb": 1007.0, "category": -1}, {"time": "2005-09-18 15:00:00", "lat": 22.1, "lon": -71.9, "wind_kt": null, "pressure_mb": null, "category": -1}, {"time": "2005-09-18 18:00:00", "lat": 22.2, "lon": -72.3, "wind_kt": 35.0, "pressure_mb": 1005.0, "category": 0}, {"time": "2005-09-18 21:00:00", "lat": 22.3, "lon": -72.7, "wind_kt": null, "pressure_mb": null, "category": 0}, {"time": "2005-09-19 00:00:00", "lat": 22.4, "lon": -73.0, "wind_kt": 45.0, "pressure_mb": 1002.0, "category": 0}, {"time": "2005-09-19 03:00:00", "lat": 22.5, "lon": -73.4, "wind_kt": null, "pressure_mb": null, "category": 0}, {"time": "2005-09-19 06:00:00", "lat": 22.6, "lon": -73.8, "wind_kt": 50.0, "pressure_mb": 999.0, "category": 0}, {"time": "2005-09-19 09:00:00", "lat": 22.7, "lon": -74.2, "wind_kt": null, "pressure_mb": null, "category": 0}, {"time": "2005-09-19 12:00:00", "lat": 22.8, "lon": -74.7, "wind_kt": 55.0, "pressure_mb": 997.0, "category": 0}, {"time": "2005-09-19 15:00:00", "lat": 22.9, "lon": -75.3, "wind_kt": null, "pressure_mb": null, "category": 0}, {"time": "2005-09-19 18:00:00", "lat": 23.1, "lon": -75.9, "wind_kt": 60.0, "pressure_mb": 994.0, "category": 0}, {"time": "2005-09-19 21:00:00", "lat": 23.2, "lon": -76.5, "wind_kt": null, "pressure_mb": null, "category": 0}, {"time": "2005-09-20 00:00:00", "lat": 23.3, "lon": -77.2, "wind_kt": 60.0, "pressure_mb": 992.0, "category": 0}, {"time": "2005-09-20 03:00:00", "lat": 23.4, "lon": -78.0, "wind_kt": null, "pressure_mb": null, "category": 0}, {"time": "2005-09-20 06:00:00", "lat": 23.5, "lon": -78.8, "wind_kt": 60.0, "pressure_mb": 990.0, "category": 0}, {"time": "2005-09-20 09:00:00", "lat": 23.6, "lon": -79.6, "wind_kt": null, "pressure_mb": null, "category": 0}, {"time": "2005-09-20 12:00:00", "lat": 23.7, "lon": -80.3, "wind_kt": 70.0, "pressure_mb": 985.0, "category": 1}, {"time": "2005-09-20 15:00:00", "lat": 23.8, "lon": -81.0, "wind_kt": null, "pressure_mb": null, "category": 1}, {"time": "2005-09-20 18:00:00", "lat": 23.9, "lon": -81.6, "wind_kt": 85.0, "pressure_mb": 975.0, "category": 2}, {"time": "2005-09-20 21:00:00", "lat": 24.0, "lon": -82.2, "wind_kt": null, "pressure_mb": null, "category": 2}, {"time": "2005-09-21 00:00:00", "lat": 24.1, "lon": -82.7, "wind_kt": 95.0, "pressure_mb": 967.0, "category": 2}, {"time": "2005-09-21 03:00:00", "lat": 24.2, "lon": -83.3, "wind_kt": null, "pressure_mb": null, "category": 2}, {"time": "2005-09-21 06:00:00", "lat": 24.2, "lon": -84.0, "wind_kt": 110.0, "pressure_mb": 955.0, "category": 3}, {"time": "2005-09-21 09:00:00", "lat": 24.2, "lon": -84.6, "wind_kt": null, "pressure_mb": null, "category": 3}, {"time": "2005-09-21 12:00:00", "lat": 24.2, "lon": -85.2, "wind_kt": 120.0, "pressure_mb": 941.0, "category": 4}, {"time": "2005-09-21 15:00:00", "lat": 24.2, "lon": -85.7, "wind_kt": null, "pressure_mb": null, "category": 4}, {"time": "2005-09-21 18:00:00", "lat": 24.3, "lon": -86.2, "wind_kt": 145.0, "pressure_mb": 920.0, "category": 5}, {"time": "2005-09-21 21:00:00", "lat": 24.4, "lon": -86.6, "wind_kt": null, "pressure_mb": null, "category": 5}, {"time": "2005-09-22 00:00:00", "lat": 24.5, "lon": -86.9, "wind_kt": 150.0, "pressure_mb": 897.0, "category": 5}, {"time": "2005-09-22 03:00:00", "lat": 24.7, "lon": -87.3, "wind_kt": 155.0, "pressure_mb": 895.0, "category": 5}, {"time": "2005-09-22 06:00:00", "lat": 24.8, "lon": -87.6, "wind_kt": 155.0, "pressure_mb": 897.0, "category": 5}, {"time": "2005-09-22 09:00:00", "lat": 25.0, "lon": -87.9, "wind_kt": null, "pressure_mb": null, "category": 5}, {"time": "2005-09-22 12:00:00", "lat": 25.2, "lon": -88.3, "wind_kt": 140.0, "pressure_mb": 908.0, "category": 5}, {"time": "2005-09-22 15:00:00", "lat": 25.4, "lon": -88.7, "wind_kt": null, "pressure_mb": null, "category": 5}, {"time": "2005-09-22 18:00:00", "lat": 25.6, "lon": -89.1, "wind_kt": 125.0, "pressure_mb": 913.0, "category": 4}, {"time": "2005-09-22 21:00:00", "lat": 25.8, "lon": -89.5, "wind_kt": null, "pressure_mb": null, "category": 4}, {"time": "2005-09-23 00:00:00", "lat": 26.0, "lon": -89.9, "wind_kt": 120.0, "pressure_mb": 915.0, "category": 4}, {"time": "2005-09-23 03:00:00", "lat": 26.2, "lon": -90.3, "wind_kt": null, "pressure_mb": null, "category": 4}, {"time": "2005-09-23 06:00:00", "lat": 26.5, "lon": -90.7, "wind_kt": 115.0, "pressure_mb": 924.0, "category": 4}, {"time": "2005-09-23 09:00:00", "lat": 26.8, "lon": -91.1, "wind_kt": null, "pressure_mb": null, "category": 4}, {"time": "2005-09-23 12:00:00", "lat": 27.1, "lon": -91.5, "wind_kt": 115.0, "pressure_mb": 927.0, "category": 4}, {"time": "2005-09-23 15:00:00", "lat": 27.4, "lon": -91.9, "wind_kt": null, "pressure_mb": null, "category": 4}, {"time": "2005-09-23 18:00:00", "lat": 27.8, "lon": -92.3, "wind_kt": 110.0, "pressure_mb": 930.0, "category": 3}, {"time": "2005-09-23 21:00:00", "lat": 28.2, "lon": -92.7, "wind_kt": null, "pressure_mb": null, "category": 3}, {"time": "2005-09-24 00:00:00", "lat": 28.6, "lon": -93.0, "wind_kt": 105.0, "pressure_mb": 931.0, "category": 3}, {"time": "2005-09-24 03:00:00", "lat": 29.0, "lon": -93.3, "wind_kt": null, "pressure_mb": null, "category": 3}, {"time": "2005-09-24 06:00:00", "lat": 29.4, "lon": -93.6, "wind_kt": 100.0, "pressure_mb": 935.0, "category": 3}, {"time": "2005-09-24 07:40:00", "lat": 29.7, "lon": -93.7, "wind_kt": 100.0, "pressure_mb": 937.0, "category": 3}, {"time": "2005-09-24 09:00:00", "lat": 29.9, "lon": -93.8, "wind_kt": null, "pressure_mb": null, "category": 3}, {"time": "2005-09-24 12:00:00", "lat": 30.5, "lon": -94.1, "wind_kt": 65.0, "pressure_mb": 949.0, "category": 1}, {"time": "2005-09-24 15:00:00", "lat": 31.1, "lon": -94.2, "wind_kt": null, "pressure_mb": null, "category": 1}, {"time": "2005-09-24 18:00:00", "lat": 31.6, "lon": -94.1, "wind_kt": 45.0, "pressure_mb": 974.0, "category": 0}, {"time": "2005-09-24 21:00:00", "lat": 32.2, "lon": -94.1, "wind_kt": null, "pressure_mb": null, "category": 0}, {"time": "2005-09-25 00:00:00", "lat": 32.7, "lon": -94.0, "wind_kt": 35.0, "pressure_mb": 982.0, "category": 0}, {"time": "2005-09-25 03:00:00", "lat": 33.2, "lon": -93.9, "wind_kt": null, "pressure_mb": null, "category": 0}, {"time": "2005-09-25 06:00:00", "lat": 33.7, "lon": -93.6, "wind_kt": 30.0, "pressure_mb": 989.0, "category": -1}, {"time": "2005-09-25 09:00:00", "lat": 34.2, "lon": -93.1, "wind_kt": null, "pressure_mb": null, "category": -1}, {"time": "2005-09-25 12:00:00", "lat": 34.7, "lon": -92.5, "wind_kt": 25.0, "pressure_mb": 995.0, "category": -1}, {"time": "2005-09-25 15:00:00", "lat": 35.2, "lon": -92.0, "wind_kt": null, "pressure_mb": null, "category": -1}, {"time": "2005-09-25 18:00:00", "lat": 35.8, "lon": -91.4, "wind_kt": 25.0, "pressure_mb": 1000.0, "category": -1}, {"time": "2005-09-25 21:00:00", "lat": 36.3, "lon": -90.8, "wind_kt": null, "pressure_mb": null, "category": -1}, {"time": "2005-09-26 00:00:00", "lat": 37.0, "lon": -90.1, "wind_kt": 20.0, "pressure_mb": 1003.0, "category": -1}, {"time": "2005-09-26 03:00:00", "lat": 38.1, "lon": -89.1, "wind_kt": null, "pressure_mb": null, "category": -1}, {"time": "2005-09-26 06:00:00", "lat": 39.5, "lon": -88.0, "wind_kt": 20.0, "pressure_mb": 1006.0, "category": -1}]}, "geometry": {"type": "LineString", "coordinates": [[-69.9, 21.3], [-70.3, 21.5], [-70.7, 21.6], [-71.1, 21.7], [-71.5, 21.9], [-71.9, 22.1], [-72.3, 22.2], [-72.7, 22.3], [-73.0, 22.4], [-73.4, 22.5], [-73.8, 22.6], [-74.2, 22.7], [-74.7, 22.8], [-75.3, 22.9], [-75.9, 23.1], [-76.5, 23.2], [-77.2, 23.3], [-78.0, 23.4], [-78.8, 23.5], [-79.6, 23.6], [-80.3, 23.7], [-81.0, 23.8], [-81.6, 23.9], [-82.2, 24.0], [-82.7, 24.1], [-83.3, 24.2], [-84.0, 24.2], [-84.6, 24.2], [-85.2, 24.2], [-85.7, 24.2], [-86.2, 24.3], [-86.6, 24.4], [-86.9, 24.5], [-87.3, 24.7], [-87.6, 24.8], [-87.9, 25.0], [-88.3, 25.2], [-88.7, 25.4], [-89.1, 25.6], [-89.5, 25.8], [-89.9, 26.0], [-90.3, 26.2], [-90.7, 26.5], [-91.1, 26.8], [-91.5, 27.1], [-91.9, 27.4], [-92.3, 27.8], [-92.7, 28.2], [-93.0, 28.6], [-93.3, 29.0], [-93.6, 29.4], [-93.7, 29.7], [-93.8, 29.9], [-94.1, 30.5], [-94.2, 31.1], [-94.1, 31.6], [-94.1, 32.2], [-94.0, 32.7], [-93.9, 33.2], [-93.6, 33.7], [-93.1, 34.2], [-92.5, 34.7], [-92.0, 35.2], [-91.4, 35.8], [-90.8, 36.3], [-90.1, 37.0], [-89.1, 38.1], [-88.0, 39.5]]}}, {"type": "Feature", "properties": {"sid": "2006081S14129", "basin": "South Indian", "subbasin": "Western Australia", "start_time": "2006-03-22 00:00:00", "end_time": "2006-03-31 06:00:00", "point_count": 76, "max_wind_kt": 110.0, "min_pressure_mb": 910.0, "track_points": [{"time": "2006-03-22 00:00:00", "lat": -14.0, "lon": 128.5, "wind_kt": 20.0, "pressure_mb": 1002.0, "category": -1}, {"time": "2006-03-22 03:00:00", "lat": -14.0, "lon": 128.4, "wind_kt": null, "pressure_mb": null, "category": -1}, {"time": "2006-03-22 06:00:00", "lat": -14.0, "lon": 128.3, "wind_kt": 25.0, "pressure_mb": 1000.0, "category": -1}, {"time": "2006-03-22 09:00:00", "lat": -13.9, "lon": 128.3, "wind_kt": null, "pressure_mb": null, "category": -1}, {"time": "2006-03-22 12:00:00", "lat": -13.9, "lon": 128.4, "wind_kt": 25.0, "pressure_mb": 1000.0, "category": -1}, {"time": "2006-03-22 15:00:00", "lat": -13.9, "lon": 128.4, "wind_kt": null, "pressure_mb": null, "category": -1}, {"time": "2006-03-22 18:00:00", "lat": -14.0, "lon": 128.3, "wind_kt": 25.0, "pressure_mb": 1000.0, "category": -1}, {"time": "2006-03-22 21:00:00", "lat": -14.0, "lon": 128.2, "wind_kt": null, "pressure_mb": null, "category": -1}, {"time": "2006-03-23 00:00:00", "lat": -14.0, "lon": 128.2, "wind_kt": 25.0, "pressure_mb": 1000.0, "category": -1}, {"time": "2006-03-23 03:00:00", "lat": -14.1, "lon": 128.3, "wind_kt": null, "pressure_mb": null, "category": -1}, {"time": "2006-03-23 06:00:00", "lat": -14.2, "lon": 128.4, "wind_kt": 25.0, "pressure_mb": 998.0, "category": -1}, {"time": "2006-03-23 09:00:00", "lat": -14.2, "lon": 128.5, "wind_kt": null, "pressure_mb": null, "category": -1}, {"time": "2006-03-23 12:00:00", "lat": -14.2, "lon": 128.5, "wind_kt": 25.0, "pressure_mb": 998.0, "category": -1}, {"time": "2006-03-23 15:00:00", "lat": -14.4, "lon": 128.6, "wind_kt": null, "pressure_mb": null, "category": -1}, {"time": "2006-03-23 18:00:00", "lat": -14.5, "lon": 128.8, "wind_kt": 25.0, "pressure_mb": 998.0, "category": -1}, {"time": "2006-03-23 21:00:00", "lat": -14.7, "lon": 128.9, "wind_kt": null, "pressure_mb": null, "category": -1}, {"time": "2006-03-24 00:00:00", "lat": -14.9, "lon": 129.0, "wind_kt": 25.0, "pressure_mb": 998.0, "category": -1}, {"time": "2006-03-24 03:00:00", "lat": -15.0, "lon": 129.0, "wind_kt": null, "pressure_mb": null, "category": -1}, {"time": "2006-03-24 06:00:00", "lat": -15.2, "lon": 128.9, "wind_kt": 25.0, "pressure_mb": 996.0, "category": -1}, {"time": "2006-03-24 09:00:00", "lat": -15.3, "lon": 128.7, "wind_kt": null, "pressure_mb": null, "category": -1}, {"time": "2006-03-24 12:00:00", "lat": -15.4, "lon": 128.4, "wind_kt": 25.0, "pressure_mb": 996.0, "category": -1}, {"time": "2006-03-24 15:00:00", "lat": -15.3, "lon": 128.2, "wind_kt": null, "pressure_mb": null, "category": -1}, {"time": "2006-03-24 18:00:00", "lat": -15.1, "lon": 127.9, "wind_kt": 25.0, "pressure_mb": 996.0, "category": -1}, {"time": "2006-03-24 21:00:00", "lat": -15.1, "lon": 127.7, "wind_kt": null, "pressure_mb": null, "category": -1}, {"time": "2006-03-25 00:00:00", "lat": -15.1, "lon": 127.5, "wind_kt": 25.0, "pressure_mb": 996.0, "category": -1}, {"time": "2006-03-25 03:00:00", "lat": -15.0, "lon": 127.4, "wind_kt": null, "pressure_mb": null, "category": -1}, {"time": "2006-03-25 06:00:00", "lat": -15.0, "lon": 127.3, "wind_kt": 25.0, "pressure_mb": 996.0, "category": -1}, {"time": "2006-03-25 09:00:00", "lat": -14.9, "lon": 127.2, "wind_kt": null, "pressure_mb": null, "category": -1}, {"time": "2006-03-25 12:00:00", "lat": -14.9, "lon": 127.1, "wind_kt": 25.0, "pressure_mb": 996.0, "category": -1}, {"time": "2006-03-25 15:00:00", "lat": -14.9, "lon": 126.7, "wind_kt": null, "pressure_mb": null, "category": -1}, {"time": "2006-03-25 18:00:00", "lat": -14.9, "lon": 126.3, "wind_kt": 25.0, "pressure_mb": 996.0, "category": -1}, {"time": "2006-03-25 21:00:00", "lat": -14.9, "lon": 126.0, "wind_kt": null, "pressure_mb": null, "category": -1}, {"time": "2006-03-26 00:00:00", "lat": -14.9, "lon": 125.7, "wind_kt": 25.0, "pressure_mb": 996.0, "category": -1}, {"time": "2006-03-26 03:00:00", "lat": -14.9, "lon": 125.5, "wind_kt": null, "pressure_mb": null, "category": -1}, {"time": "2006-03-26 06:00:00", "lat": -14.9, "lon": 125.3, "wind_kt": 25.0, "pressure_mb": 996.0, "category": -1}, {"time": "2006-03-26 09:00:00", "lat": -14.9, "lon": 125.2, "wind_kt": null, "pressure_mb": null, "category": -1}, {"time": "2006-03-26 12:00:00", "lat": -14.8, "lon": 125.0, "wind_kt": 25.0, "pressure_mb": 996.0, "category": -1}, {"time": "2006-03-26 15:00:00", "lat": -14.8, "lon": 124.9, "wind_kt": null, "pressure_mb": null, "category": -1}, {"time": "2006-03-26 18:00:00", "lat": -14.9, "lon": 124.7, "wind_kt": 35.0, "pressure_mb": 994.0, "category": 0}, {"time": "2006-03-26 21:00:00", "lat": -14.9, "lon": 124.6, "wind_kt": null, "pressure_mb": null, "category": 0}, {"time": "2006-03-27 00:00:00", "lat": -15.0, "lon": 124.3, "wind_kt": 40.0, "pressure_mb": 990.0, "category": 0}, {"time": "2006-03-27 03:00:00", "lat": -15.0, "lon": 123.9, "wind_kt": 45.0, "pressure_mb": 984.0, "category": 0}, {"time": "2006-03-27 06:00:00", "lat": -15.1, "lon": 123.6, "wind_kt": 50.0, "pressure_mb": 980.0, "category": 0}, {"time": "2006-03-27 09:00:00", "lat": -15.3, "lon": 123.3, "wind_kt": 55.0, "pressure_mb": 972.0, "category": 0}, {"time": "2006-03-27 12:00:00", "lat": -15.5, "lon": 123.0, "wind_kt": 65.0, "pressure_mb": 970.0, "category": 1}, {"time": "2006-03-27 15:00:00", "lat": -15.5, "lon": 122.6, "wind_kt": 70.0, "pressure_mb": 962.0, "category": 1}, {"time": "2006-03-27 18:00:00", "lat": -15.6, "lon": 122.2, "wind_kt": 80.0, "pressure_mb": 950.0, "category": 1}, {"time": "2006-03-27 21:00:00", "lat": -15.6, "lon": 121.9, "wind_kt": 90.0, "pressure_mb": 938.0, "category": 2}, {"time": "2006-03-28 00:00:00", "lat": -15.7, "lon": 121.7, "wind_kt": 100.0, "pressure_mb": 924.0, "category": 3}, {"time": "2006-03-28 03:00:00", "lat": -15.9, "lon": 121.4, "wind_kt": 105.0, "pressure_mb": 918.0, "category": 3}, {"time": "2006-03-28 06:00:00", "lat": -16.1, "lon": 121.1, "wind_kt": 110.0, "pressure_mb": 910.0, "category": 3}, {"time": "2006-03-28 09:00:00", "lat": -16.4, "lon": 120.8, "wind_kt": 110.0, "pressure_mb": 910.0, "category": 3}, {"time": "2006-03-28 12:00:00", "lat": -16.7, "lon": 120.4, "wind_kt": 110.0, "pressure_mb": 910.0, "category": 3}, {"time": "2006-03-28 15:00:00", "lat": -16.9, "lon": 119.9, "wind_kt": 110.0, "pressure_mb": 910.0, "category": 3}, {"time": "2006-03-28 18:00:00", "lat": -17.1, "lon": 119.5, "wind_kt": 110.0, "pressure_mb": 910.0, "category": 3}, {"time": "2006-03-28 21:00:00", "lat": -17.3, "lon": 119.1, "wind_kt": 110.0, "pressure_mb": 910.0, "category": 3}, {"time": "2006-03-29 00:00:00", "lat": -17.5, "lon": 118.6, "wind_kt": 105.0, "pressure_mb": 918.0, "category": 3}, {"time": "2006-03-29 03:00:00", "lat": -17.6, "lon": 118.2, "wind_kt": 105.0, "pressure_mb": 918.0, "category": 3}, {"time": "2006-03-29 06:00:00", "lat": -17.8, "lon": 117.9, "wind_kt": 105.0, "pressure_mb": 918.0, "category": 3}, {"time": "2006-03-29 09:00:00", "lat": -18.0, "lon": 117.6, "wind_kt": 105.0, "pressure_mb": 918.0, "category": 3}, {"time": "2006-03-29 12:00:00", "lat": -18.3, "lon": 117.3, "wind_kt": 105.0, "pressure_mb": 918.0, "category": 3}, {"time": "2006-03-29 15:00:00", "lat": -18.6, "lon": 117.1, "wind_kt": 100.0, "pressure_mb": 924.0, "category": 3}, {"time": "2006-03-29 18:00:00", "lat": -18.9, "lon": 116.8, "wind_kt": 100.0, "pressure_mb": 924.0, "category": 3}, {"time": "2006-03-29 21:00:00", "lat": -19.1, "lon": 116.6, "wind_kt": 100.0, "pressure_mb": 924.0, "category": 3}, {"time": "2006-03-30 00:00:00", "lat": -19.5, "lon": 116.5, "wind_kt": 100.0, "pressure_mb": 924.0, "category": 3}, {"time": "2006-03-30 03:00:00", "lat": -20.0, "lon": 116.2, "wind_kt": 100.0, "pressure_mb": 924.0, "category": 3}, {"time": "2006-03-30 06:00:00", "lat": -20.6, "lon": 115.9, "wind_kt": 95.0, "pressure_mb": 932.0, "category": 2}, {"time": "2006-03-30 09:00:00", "lat": -21.2, "lon": 115.5, "wind_kt": 80.0, "pressure_mb": 950.0, "category": 1}, {"time": "2006-03-30 12:00:00", "lat": -21.6, "lon": 115.2, "wind_kt": 70.0, "pressure_mb": 962.0, "category": 1}, {"time": "2006-03-30 13:00:00", "lat": -21.7, "lon": 115.1, "wind_kt": 70.0, "pressure_mb": 962.0, "category": 1}, {"time": "2006-03-30 15:00:00", "lat": -22.0, "lon": 115.1, "wind_kt": 60.0, "pressure_mb": 970.0, "category": 0}, {"time": "2006-03-30 18:00:00", "lat": -22.3, "lon": 115.1, "wind_kt": 50.0, "pressure_mb": 980.0, "category": 0}, {"time": "2006-03-30 21:00:00", "lat": -22.8, "lon": 115.1, "wind_kt": 40.0, "pressure_mb": 990.0, "category": 0}, {"time": "2006-03-31 00:00:00", "lat": -23.3, "lon": 115.0, "wind_kt": 30.0, "pressure_mb": 994.0, "category": -1}, {"time": "2006-03-31 03:00:00", "lat": -24.0, "lon": 114.9, "wind_kt": 30.0, "pressure_mb": 994.0, "category": -1}, {"time": "2006-03-31 06:00:00", "lat": -24.6, "lon": 114.8, "wind_kt": 25.0, "pressure_mb": 996.0, "category": -1}]}, "geometry": {"type": "LineString", "coordinates": [[128.5, -14.0], [128.4, -14.0], [128.3, -14.0], [128.3, -13.9], [128.4, -13.9], [128.4, -13.9], [128.3, -14.0], [128.2, -14.0], [128.2, -14.0], [128.3, -14.1], [128.4, -14.2], [128.5, -14.2], [128.5, -14.2], [128.6, -14.4], [128.8, -14.5], [128.9, -14.7], [129.0, -14.9], [129.0, -15.0], [128.9, -15.2], [128.7, -15.3], [128.4, -15.4], [128.2, -15.3], [127.9, -15.1], [127.7, -15.1], [127.5, -15.1], [127.4, -15.0], [127.3, -15.0], [127.2, -14.9], [127.1, -14.9], [126.7, -14.9], [126.3, -14.9], [126.0, -14.9], [125.7, -14.9], [125.5, -14.9], [125.3, -14.9], [125.2, -14.9], [125.0, -14.8], [124.9, -14.8], [124.7, -14.9], [124.6, -14.9], [124.3, -15.0], [123.9, -15.0], [123.6, -15.1], [123.3, -15.3], [123.0, -15.5], [122.6, -15.5], [122.2, -15.6], [121.9, -15.6], [121.7, -15.7], [121.4, -15.9], [121.1, -16.1], [120.8, -16.4], [120.4, -16.7], [119.9, -16.9], [119.5, -17.1], [119.1, -17.3], [118.6, -17.5], [118.2, -17.6], [117.9, -17.8], [117.6, -18.0], [117.3, -18.3], [117.1, -18.6], [116.8, -18.9], [116.6, -19.1], [116.5, -19.5], [116.2, -20.0], [115.9, -20.6], [115.5, -21.2], [115.2, -21.6], [115.1, -21.7], [115.1, -22.0], [115.1, -22.3], [115.1, -22.8], [115.0, -23.3], [114.9, -24.0], [114.8, -24.6]]}}, {"type": "Feature", "properties": {"sid": "2007151N14072", "basin": "North India", "subbasin": "Arabian Sea", "start_time": "2007-05-31 06:00:00", "end_time": "2007-06-08 00:00:00", "point_count": 63, "max_wind_kt": 127.0, "min_pressure_mb": 920.0, "track_points": [{"time": "2007-05-31 06:00:00", "lat": 13.7, "lon": 71.6, "wind_kt": null, "pressure_mb": null, "category": -1}, {"time": "2007-05-31 09:00:00", "lat": 13.9, "lon": 71.7, "wind_kt": null, "pressure_mb": null, "category": -1}, {"time": "2007-05-31 12:00:00", "lat": 14.0, "lon": 71.7, "wind_kt": null, "pressure_mb": null, "category": -1}, {"time": "2007-05-31 15:00:00", "lat": 14.1, "lon": 71.7, "wind_kt": null, "pressure_mb": null, "category": -1}, {"time": "2007-05-31 18:00:00", "lat": 14.2, "lon": 71.5, "wind_kt": null, "pressure_mb": null, "category": -1}, {"time": "2007-05-31 21:00:00", "lat": 14.3, "lon": 71.3, "wind_kt": null, "pressure_mb": null, "category": -1}, {"time": "2007-06-01 00:00:00", "lat": 14.4, "lon": 70.9, "wind_kt": null, "pressure_mb": null, "category": -1}, {"time": "2007-06-01 03:00:00", "lat": 14.5, "lon": 70.5, "wind_kt": null, "pressure_mb": null, "category": -1}, {"time": "2007-06-01 06:00:00", "lat": 14.7, "lon": 70.0, "wind_kt": null, "pressure_mb": null, "category": -1}, {"time": "2007-06-01 09:00:00", "lat": 14.9, "lon": 69.4, "wind_kt": null, "pressure_mb": null, "category": -1}, {"time": "2007-06-01 12:00:00", "lat": 15.0, "lon": 68.8, "wind_kt": null, "pressure_mb": null, "category": -1}, {"time": "2007-06-01 15:00:00", "lat": 15.1, "lon": 68.5, "wind_kt": null, "pressure_mb": null, "category": -1}, {"time": "2007-06-01 18:00:00", "lat": 15.1, "lon": 68.2, "wind_kt": 25.0, "pressure_mb": 1002.0, "category": -1}, {"time": "2007-06-01 21:00:00", "lat": 15.1, "lon": 68.0, "wind_kt": 25.0, "pressure_mb": 1002.0, "category": -1}, {"time": "2007-06-02 00:00:00", "lat": 15.1, "lon": 67.9, "wind_kt": 25.0, "pressure_mb": 1002.0, "category": -1}, {"time": "2007-06-02 03:00:00", "lat": 15.0, "lon": 67.5, "wind_kt": 30.0, "pressure_mb": 1000.0, "category": -1}, {"time": "2007-06-02 06:00:00", "lat": 15.0, "lon": 67.2, "wind_kt": null, "pressure_mb": null, "category": -1}, {"time": "2007-06-02 09:00:00", "lat": 15.1, "lon": 67.1, "wind_kt": 35.0, "pressure_mb": 998.0, "category": 0}, {"time": "2007-06-02 12:00:00", "lat": 15.2, "lon": 67.1, "wind_kt": 45.0, "pressure_mb": 992.0, "category": 0}, {"time": "2007-06-02 15:00:00", "lat": 15.2, "lon": 67.1, "wind_kt": 45.0, "pressure_mb": 992.0, "category": 0}, {"time": "2007-06-02 18:00:00", "lat": 15.3, "lon": 67.1, "wind_kt": 45.0, "pressure_mb": 992.0, "category": 0}, {"time": "2007-06-02 21:00:00", "lat": 15.4, "lon": 66.9, "wind_kt": 45.0, "pressure_mb": 992.0, "category": 0}, {"time": "2007-06-03 00:00:00", "lat": 15.8, "lon": 67.0, "wind_kt": 55.0, "pressure_mb": 988.0, "category": 0}, {"time": "2007-06-03 03:00:00", "lat": 16.0, "lon": 67.1, "wind_kt": 55.0, "pressure_mb": 988.0, "category": 0}, {"time": "2007-06-03 06:00:00", "lat": 16.5, "lon": 67.1, "wind_kt": 55.0, "pressure_mb": 988.0, "category": 0}, {"time": "2007-06-03 09:00:00", "lat": 16.9, "lon": 66.9, "wind_kt": 55.0, "pressure_mb": 988.0, "category": 0}, {"time": "2007-06-03 12:00:00", "lat": 17.5, "lon": 66.7, "wind_kt": 55.0, "pressure_mb": 988.0, "category": 0}, {"time": "2007-06-03 15:00:00", "lat": 17.6, "lon": 66.5, "wind_kt": 55.0, "pressure_mb": 988.0, "category": 0}, {"time": "2007-06-03 18:00:00", "lat": 18.0, "lon": 66.1, "wind_kt": 65.0, "pressure_mb": 980.0, "category": 1}, {"time": "2007-06-03 21:00:00", "lat": 18.1, "lon": 65.9, "wind_kt": 65.0, "pressure_mb": 980.0, "category": 1}, {"time": "2007-06-04 00:00:00", "lat": 18.6, "lon": 65.3, "wind_kt": 77.0, "pressure_mb": 974.0, "category": 1}, {"time": "2007-06-04 03:00:00", "lat": 18.7, "lon": 65.1, "wind_kt": 90.0, "pressure_mb": 960.0, "category": 2}, {"time": "2007-06-04 06:00:00", "lat": 19.1, "lon": 64.7, "wind_kt": 102.0, "pressure_mb": 952.0, "category": 3}, {"time": "2007-06-04 09:00:00", "lat": 19.5, "lon": 64.5, "wind_kt": 115.0, "pressure_mb": 934.0, "category": 4}, {"time": "2007-06-04 12:00:00", "lat": 20.0, "lon": 64.1, "wind_kt": 115.0, "pressure_mb": 934.0, "category": 4}, {"time": "2007-06-04 15:00:00", "lat": 20.1, "lon": 63.8, "wind_kt": 127.0, "pressure_mb": 920.0, "category": 4}, {"time": "2007-06-04 18:00:00", "lat": 20.5, "lon": 63.4, "wind_kt": 127.0, "pressure_mb": 920.0, "category": 4}, {"time": "2007-06-04 21:00:00", "lat": 20.6, "lon": 63.2, "wind_kt": 115.0, "pressure_mb": 935.0, "category": 4}, {"time": "2007-06-05 00:00:00", "lat": 20.7, "lon": 62.8, "wind_kt": 115.0, "pressure_mb": 936.0, "category": 4}, {"time": "2007-06-05 03:00:00", "lat": 21.0, "lon": 62.0, "wind_kt": 115.0, "pressure_mb": 936.0, "category": 4}, {"time": "2007-06-05 06:00:00", "lat": 21.4, "lon": 61.6, "wind_kt": 102.0, "pressure_mb": 950.0, "category": 3}, {"time": "2007-06-05 09:00:00", "lat": 21.4, "lon": 61.2, "wind_kt": 102.0, "pressure_mb": 950.0, "category": 3}, {"time": "2007-06-05 12:00:00", "lat": 21.6, "lon": 61.1, "wind_kt": 90.0, "pressure_mb": 960.0, "category": 2}, {"time": "2007-06-05 15:00:00", "lat": 21.9, "lon": 60.9, "wind_kt": 77.0, "pressure_mb": 970.0, "category": 1}, {"time": "2007-06-05 18:00:00", "lat": 22.0, "lon": 60.6, "wind_kt": 77.0, "pressure_mb": 970.0, "category": 1}, {"time": "2007-06-05 21:00:00", "lat": 22.4, "lon": 60.4, "wind_kt": 77.0, "pressure_mb": 970.0, "category": 1}, {"time": "2007-06-06 00:00:00", "lat": 22.6, "lon": 59.8, "wind_kt": 77.0, "pressure_mb": 970.0, "category": 1}, {"time": "2007-06-06 03:00:00", "lat": 22.9, "lon": 59.4, "wind_kt": 77.0, "pressure_mb": 970.0, "category": 1}, {"time": "2007-06-06 06:00:00", "lat": 23.3, "lon": 59.5, "wind_kt": 77.0, "pressure_mb": 970.0, "category": 1}, {"time": "2007-06-06 09:00:00", "lat": 23.5, "lon": 59.4, "wind_kt": 77.0, "pressure_mb": 970.0, "category": 1}, {"time": "2007-06-06 12:00:00", "lat": 23.9, "lon": 59.1, "wind_kt": 77.0, "pressure_mb": 970.0, "category": 1}, {"time": "2007-06-06 15:00:00", "lat": 24.1, "lon": 59.0, "wind_kt": 77.0, "pressure_mb": 970.0, "category": 1}, {"time": "2007-06-06 18:00:00", "lat": 24.5, "lon": 59.0, "wind_kt": 65.0, "pressure_mb": 978.0, "category": 1}, {"time": "2007-06-06 21:00:00", "lat": 24.8, "lon": 58.8, "wind_kt": 55.0, "pressure_mb": 984.0, "category": 0}, {"time": "2007-06-07 00:00:00", "lat": 24.9, "lon": 58.6, "wind_kt": 45.0, "pressure_mb": 988.0, "category": 0}, {"time": "2007-06-07 03:00:00", "lat": 25.0, "lon": 58.4, "wind_kt": 45.0, "pressure_mb": 988.0, "category": 0}, {"time": "2007-06-07 06:00:00", "lat": 24.9, "lon": 58.3, "wind_kt": null, "pressure_mb": null, "category": 0}, {"time": "2007-06-07 09:00:00", "lat": 25.0, "lon": 58.2, "wind_kt": null, "pressure_mb": null, "category": 0}, {"time": "2007-06-07 12:00:00", "lat": 25.1, "lon": 58.2, "wind_kt": null, "pressure_mb": null, "category": 0}, {"time": "2007-06-07 15:00:00", "lat": 25.3, "lon": 58.2, "wind_kt": null, "pressure_mb": null, "category": 0}, {"time": "2007-06-07 18:00:00", "lat": 25.5, "lon": 58.1, "wind_kt": null, "pressure_mb": null, "category": 0}, {"time": "2007-06-07 21:00:00", "lat": 25.7, "lon": 58.0, "wind_kt": null, "pressure_mb": null, "category": 0}, {"time": "2007-06-08 00:00:00", "lat": 25.9, "lon": 57.8, "wind_kt": null, "pressure_mb": null, "category": 0}]}, "geometry": {"type": "LineString", "coordinates": [[71.6, 13.7], [71.7, 13.9], [71.7, 14.0], [71.7, 14.1], [71.5, 14.2], [71.3, 14.3], [70.9, 14.4], [70.5, 14.5], [70.0, 14.7], [69.4, 14.9], [68.8, 15.0], [68.5, 15.1], [68.2, 15.1], [68.0, 15.1], [67.9, 15.1], [67.5, 15.0], [67.2, 15.0], [67.1, 15.1], [67.1, 15.2], [67.1, 15.2], [67.1, 15.3], [66.9, 15.4], [67.0, 15.8], [67.1, 16.0], [67.1, 16.5], [66.9, 16.9], [66.7, 17.5], [66.5, 17.6], [66.1, 18.0], [65.9, 18.1], [65.3, 18.6], [65.1, 18.7], [64.7, 19.1], [64.5, 19.5], [64.1, 20.0], [63.8, 20.1], [63.4, 20.5], [63.2, 20.6], [62.8, 20.7], [62.0, 21.0], [61.6, 21.4], [61.2, 21.4], [61.1, 21.6], [60.9, 21.9], [60.6, 22.0], [60.4, 22.4], [59.8, 22.6], [59.4, 22.9], [59.5, 23.3], [59.4, 23.5], [59.1, 23.9], [59.0, 24.1], [59.0, 24.5], [58.8, 24.8], [58.6, 24.9], [58.4, 25.0], [58.3, 24.9], [58.2, 25.0], [58.2, 25.1], [58.2, 25.3], [58.1, 25.5], [58.0, 25.7], [57.8, 25.9]]}}, {"type": "Feature", "properties": {"sid": "2008238N13293", "basin": "North Atlantic", "subbasin": "Caribbean Sea", "start_time": "2008-08-25 00:00:00", "end_time": "2008-09-05 12:00:00", "point_count": 95, "max_wind_kt": 135.0, "min_pressure_mb": 941.0, "track_points": [{"time": "2008-08-25 00:00:00", "lat": 13.5, "lon": -67.4, "wind_kt": 25.0, "pressure_mb": 1008.0, "category": -1}, {"time": "2008-08-25 03:00:00", "lat": 14.0, "lon": -67.9, "wind_kt": null, "pressure_mb": null, "category": -1}, {"time": "2008-08-25 06:00:00", "lat": 14.4, "lon": -68.5, "wind_kt": 30.0, "pressure_mb": 1005.0, "category": -1}, {"time": "2008-08-25 09:00:00", "lat": 14.8, "lon": -69.1, "wind_kt": null, "pressure_mb": null, "category": -1}, {"time": "2008-08-25 12:00:00", "lat": 15.1, "lon": -69.6, "wind_kt": 35.0, "pressure_mb": 1002.0, "category": 0}, {"time": "2008-08-25 15:00:00", "lat": 15.5, "lon": -70.1, "wind_kt": null, "pressure_mb": null, "category": 0}, {"time": "2008-08-25 18:00:00", "lat": 15.8, "lon": -70.5, "wind_kt": 50.0, "pressure_mb": 996.0, "category": 0}, {"time": "2008-08-25 21:00:00", "lat": 16.1, "lon": -70.9, "wind_kt": null, "pressure_mb": null, "category": 0}, {"time": "2008-08-26 00:00:00", "lat": 16.4, "lon": -71.2, "wind_kt": 60.0, "pressure_mb": 991.0, "category": 0}, {"time": "2008-08-26 03:00:00", "lat": 16.6, "lon": -71.5, "wind_kt": null, "pressure_mb": null, "category": 0}, {"time": "2008-08-26 06:00:00", "lat": 16.9, "lon": -71.7, "wind_kt": 75.0, "pressure_mb": 986.0, "category": 1}, {"time": "2008-08-26 09:00:00", "lat": 17.2, "lon": -71.9, "wind_kt": null, "pressure_mb": null, "category": 1}, {"time": "2008-08-26 12:00:00", "lat": 17.5, "lon": -72.1, "wind_kt": 80.0, "pressure_mb": 981.0, "category": 1}, {"time": "2008-08-26 15:00:00", "lat": 17.8, "lon": -72.5, "wind_kt": null, "pressure_mb": null, "category": 1}, {"time": "2008-08-26 18:00:00", "lat": 18.1, "lon": -72.8, "wind_kt": 70.0, "pressure_mb": 992.0, "category": 1}, {"time": "2008-08-26 21:00:00", "lat": 18.3, "lon": -73.0, "wind_kt": null, "pressure_mb": null, "category": 1}, {"time": "2008-08-27 00:00:00", "lat": 18.4, "lon": -73.1, "wind_kt": 50.0, "pressure_mb": 995.0, "category": 0}, {"time": "2008-08-27 03:00:00", "lat": 18.5, "lon": -73.3, "wind_kt": null, "pressure_mb": null, "category": 0}, {"time": "2008-08-27 06:00:00", "lat": 18.6, "lon": -73.4, "wind_kt": 45.0, "pressure_mb": 999.0, "category": 0}, {"time": "2008-08-27 09:00:00", "lat": 18.6, "lon": -73.6, "wind_kt": null, "pressure_mb": null, "category": 0}, {"time": "2008-08-27 12:00:00", "lat": 18.7, "lon": -73.7, "wind_kt": 45.0, "pressure_mb": 998.0, "category": 0}, {"time": "2008-08-27 15:00:00", "lat": 18.8, "lon": -73.8, "wind_kt": null, "pressure_mb": null, "category": 0}, {"time": "2008-08-27 18:00:00", "lat": 18.9, "lon": -74.0, "wind_kt": 45.0, "pressure_mb": 999.0, "category": 0}, {"time": "2008-08-27 21:00:00", "lat": 18.9, "lon": -74.5, "wind_kt": null, "pressure_mb": null, "category": 0}, {"time": "2008-08-28 00:00:00", "lat": 18.8, "lon": -75.1, "wind_kt": 40.0, "pressure_mb": 999.0, "category": 0}, {"time": "2008-08-28 03:00:00", "lat": 18.5, "lon": -75.3, "wind_kt": null, "pressure_mb": null, "category": 0}, {"time": "2008-08-28 06:00:00", "lat": 18.1, "lon": -75.4, "wind_kt": 45.0, "pressure_mb": 995.0, "category": 0}, {"time": "2008-08-28 09:00:00", "lat": 17.9, "lon": -75.5, "wind_kt": null, "pressure_mb": null, "category": 0}, {"time": "2008-08-28 12:00:00", "lat": 17.9, "lon": -75.7, "wind_kt": 60.0, "pressure_mb": 984.0, "category": 0}, {"time": "2008-08-28 15:00:00", "lat": 17.9, "lon": -75.9, "wind_kt": null, "pressure_mb": null, "category": 0}, {"time": "2008-08-28 18:00:00", "lat": 18.0, "lon": -76.2, "wind_kt": 60.0, "pressure_mb": 984.0, "category": 0}, {"time": "2008-08-28 21:00:00", "lat": 17.9, "lon": -76.6, "wind_kt": null, "pressure_mb": null, "category": 0}, {"time": "2008-08-29 00:00:00", "lat": 17.8, "lon": -77.0, "wind_kt": 60.0, "pressure_mb": 987.0, "category": 0}, {"time": "2008-08-29 02:00:00", "lat": 17.9, "lon": -77.2, "wind_kt": 60.0, "pressure_mb": 987.0, "category": 0}, {"time": "2008-08-29 03:00:00", "lat": 17.9, "lon": -77.3, "wind_kt": null, "pressure_mb": null, "category": 0}, {"time": "2008-08-29 06:00:00", "lat": 18.0, "lon": -77.7, "wind_kt": 55.0, "pressure_mb": 990.0, "category": 0}, {"time": "2008-08-29 09:00:00", "lat": 18.1, "lon": -78.0, "wind_kt": null, "pressure_mb": null, "category": 0}, {"time": "2008-08-29 12:00:00", "lat": 18.3, "lon": -78.4, "wind_kt": 50.0, "pressure_mb": 989.0, "category": 0}, {"time": "2008-08-29 15:00:00", "lat": 18.5, "lon": -78.8, "wind_kt": null, "pressure_mb": null, "category": 0}, {"time": "2008-08-29 18:00:00", "lat": 18.8, "lon": -79.2, "wind_kt": 65.0, "pressure_mb": 984.0, "category": 1}, {"time": "2008-08-29 21:00:00", "lat": 19.0, "lon": -79.6, "wind_kt": null, "pressure_mb": null, "category": 1}, {"time": "2008-08-30 00:00:00", "lat": 19.2, "lon": -80.0, "wind_kt": 75.0, "pressure_mb": 975.0, "category": 1}, {"time": "2008-08-30 03:00:00", "lat": 19.4, "lon": -80.4, "wind_kt": null, "pressure_mb": null, "category": 1}, {"time": "2008-08-30 06:00:00", "lat": 19.7, "lon": -80.8, "wind_kt": 85.0, "pressure_mb": 968.0, "category": 2}, {"time": "2008-08-30 09:00:00", "lat": 20.2, "lon": -81.2, "wind_kt": null, "pressure_mb": null, "category": 2}, {"time": "2008-08-30 12:00:00", "lat": 20.7, "lon": -81.6, "wind_kt": 110.0, "pressure_mb": 955.0, "category": 3}, {"time": "2008-08-30 15:00:00", "lat": 21.1, "lon": -82.0, "wind_kt": null, "pressure_mb": null, "category": 3}, {"time": "2008-08-30 18:00:00", "lat": 21.6, "lon": -82.5, "wind_kt": 125.0, "pressure_mb": 943.0, "category": 4}, {"time": "2008-08-30 21:00:00", "lat": 22.2, "lon": -82.9, "wind_kt": null, "pressure_mb": null, "category": 4}, {"time": "2008-08-30 22:00:00", "lat": 22.4, "lon": -83.1, "wind_kt": 135.0, "pressure_mb": 941.0, "category": 4}, {"time": "2008-08-31 00:00:00", "lat": 22.7, "lon": -83.5, "wind_kt": 120.0, "pressure_mb": 950.0, "category": 4}, {"time": "2008-08-31 03:00:00", "lat": 23.1, "lon": -84.0, "wind_kt": null, "pressure_mb": null, "category": 4}, {"time": "2008-08-31 06:00:00", "lat": 23.6, "lon": -84.4, "wind_kt": 105.0, "pressure_mb": 960.0, "category": 3}, {"time": "2008-08-31 09:00:00", "lat": 24.2, "lon": -84.9, "wind_kt": null, "pressure_mb": null, "category": 3}, {"time": "2008-08-31 12:00:00", "lat": 24.8, "lon": -85.5, "wind_kt": 100.0, "pressure_mb": 961.0, "category": 3}, {"time": "2008-08-31 15:00:00", "lat": 25.4, "lon": -86.1, "wind_kt": null, "pressure_mb": null, "category": 3}, {"time": "2008-08-31 18:00:00", "lat": 25.9, "lon": -86.7, "wind_kt": 95.0, "pressure_mb": 960.0, "category": 2}, {"time": "2008-08-31 21:00:00", "lat": 26.4, "lon": -87.2, "wind_kt": null, "pressure_mb": null, "category": 2}, {"time": "2008-09-01 00:00:00", "lat": 26.9, "lon": -87.7, "wind_kt": 95.0, "pressure_mb": 953.0, "category": 2}, {"time": "2008-09-01 03:00:00", "lat": 27.4, "lon": -88.3, "wind_kt": null, "pressure_mb": null, "category": 2}, {"time": "2008-09-01 06:00:00", "lat": 27.9, "lon": -89.0, "wind_kt": 95.0, "pressure_mb": 954.0, "category": 2}, {"time": "2008-09-01 09:00:00", "lat": 28.4, "lon": -89.7, "wind_kt": null, "pressure_mb": null, "category": 2}, {"time": "2008-09-01 12:00:00", "lat": 28.8, "lon": -90.3, "wind_kt": 95.0, "pressure_mb": 955.0, "category": 2}, {"time": "2008-09-01 15:00:00", "lat": 29.2, "lon": -90.7, "wind_kt": 90.0, "pressure_mb": 954.0, "category": 2}, {"time": "2008-09-01 18:00:00", "lat": 29.8, "lon": -91.4, "wind_kt": 85.0, "pressure_mb": 958.0, "category": 2}, {"time": "2008-09-01 21:00:00", "lat": 30.3, "lon": -91.9, "wind_kt": null, "pressure_mb": null, "category": 2}, {"time": "2008-09-02 00:00:00", "lat": 30.7, "lon": -92.3, "wind_kt": 60.0, "pressure_mb": 971.0, "category": 0}, {"time": "2008-09-02 03:00:00", "lat": 31.1, "lon": -92.7, "wind_kt": null, "pressure_mb": null, "category": 0}, {"time": "2008-09-02 06:00:00", "lat": 31.4, "lon": -93.1, "wind_kt": 40.0, "pressure_mb": 981.0, "category": 0}, {"time": "2008-09-02 09:00:00", "lat": 31.8, "lon": -93.3, "wind_kt": null, "pressure_mb": null, "category": 0}, {"time": "2008-09-02 12:00:00", "lat": 32.1, "lon": -93.5, "wind_kt": 30.0, "pressure_mb": 989.0, "category": -1}, {"time": "2008-09-02 15:00:00", "lat": 32.4, "lon": -93.7, "wind_kt": null, "pressure_mb": null, "category": -1}, {"time": "2008-09-02 18:00:00", "lat": 32.7, "lon": -93.9, "wind_kt": 20.0, "pressure_mb": 993.0, "category": -1}, {"time": "2008-09-02 21:00:00", "lat": 33.0, "lon": -93.9, "wind_kt": null, "pressure_mb": null, "category": -1}, {"time": "2008-09-03 00:00:00", "lat": 33.2, "lon": -93.9, "wind_kt": 20.0, "pressure_mb": 995.0, "category": -1}, {"time": "2008-09-03 03:00:00", "lat": 33.5, "lon": -94.1, "wind_kt": null, "pressure_mb": null, "category": -1}, {"time": "2008-09-03 06:00:00", "lat": 33.7, "lon": -94.3, "wind_kt": 20.0, "pressure_mb": 997.0, "category": -1}, {"time": "2008-09-03 09:00:00", "lat": 33.8, "lon": -94.4, "wind_kt": null, "pressure_mb": null, "category": -1}, {"time": "2008-09-03 12:00:00", "lat": 33.8, "lon": -94.4, "wind_kt": 20.0, "pressure_mb": 997.0, "category": -1}, {"time": "2008-09-03 15:00:00", "lat": 33.9, "lon": -94.4, "wind_kt": null, "pressure_mb": null, "category": -1}, {"time": "2008-09-03 18:00:00", "lat": 34.0, "lon": -94.4, "wind_kt": 20.0, "pressure_mb": 998.0, "category": -1}, {"time": "2008-09-03 21:00:00", "lat": 34.1, "lon": -94.3, "wind_kt": null, "pressure_mb": null, "category": -1}, {"time": "2008-09-04 00:00:00", "lat": 34.3, "lon": -94.1, "wind_kt": 15.0, "pressure_mb": 998.0, "category": -1}, {"time": "2008-09-04 03:00:00", "lat": 34.5, "lon": -93.8, "wind_kt": null, "pressure_mb": null, "category": -1}, {"time": "2008-09-04 06:00:00", "lat": 34.8, "lon": -93.4, "wind_kt": 15.0, "pressure_mb": 999.0, "category": -1}, {"time": "2008-09-04 09:00:00", "lat": 35.4, "lon": -92.9, "wind_kt": null, "pressure_mb": null, "category": -1}, {"time": "2008-09-04 12:00:00", "lat": 36.2, "lon": -92.3, "wind_kt": 15.0, "pressure_mb": 1000.0, "category": -1}, {"time": "2008-09-04 15:00:00", "lat": 37.3, "lon": -91.6, "wind_kt": null, "pressure_mb": null, "category": -1}, {"time": "2008-09-04 18:00:00", "lat": 38.5, "lon": -90.7, "wind_kt": 20.0, "pressure_mb": 1000.0, "category": -1}, {"time": "2008-09-04 21:00:00", "lat": 39.4, "lon": -89.7, "wind_kt": null, "pressure_mb": null, "category": -1}, {"time": "2008-09-05 00:00:00", "lat": 40.2, "lon": -88.7, "wind_kt": 20.0, "pressure_mb": 1002.0, "category": -1}, {"time": "2008-09-05 03:00:00", "lat": 41.2, "lon": -87.7, "wind_kt": null, "pressure_mb": null, "category": -1}, {"time": "2008-09-05 06:00:00", "lat": 42.2, "lon": -86.5, "wind_kt": 20.0, "pressure_mb": 1002.0, "category": -1}, {"time": "2008-09-05 09:00:00", "lat": 43.0, "lon": -85.2, "wind_kt": null, "pressure_mb": null, "category": -1}, {"time": "2008-09-05 12:00:00", "lat": 43.7, "lon": -83.8, "wind_kt": 20.0, "pressure_mb": 1004.0, "category": -1}]}, "geometry": {"type": "LineString", "coordinates": [[-67.4, 13.5], [-67.9, 14.0], [-68.5, 14.4], [-69.1, 14.8], [-69.6, 15.1], [-70.1, 15.5], [-70.5, 15.8], [-70.9, 16.1], [-71.2, 16.4], [-71.5, 16.6], [-71.7, 16.9], [-71.9, 17.2], [-72.1, 17.5], [-72.5, 17.8], [-72.8, 18.1], [-73.0, 18.3], [-73.1, 18.4], [-73.3, 18.5], [-73.4, 18.6], [-73.6, 18.6], [-73.7, 18.7], [-73.8, 18.8], [-74.0, 18.9], [-74.5, 18.9], [-75.1, 18.8], [-75.3, 18.5], [-75.4, 18.1], [-75.5, 17.9], [-75.7, 17.9], [-75.9, 17.9], [-76.2, 18.0], [-76.6, 17.9], [-77.0, 17.8], [-77.2, 17.9], [-77.3, 17.9], [-77.7, 18.0], [-78.0, 18.1], [-78.4, 18.3], [-78.8, 18.5], [-79.2, 18.8], [-79.6, 19.0], [-80.0, 19.2], [-80.4, 19.4], [-80.8, 19.7], [-81.2, 20.2], [-81.6, 20.7], [-82.0, 21.1], [-82.5, 21.6], [-82.9, 22.2], [-83.1, 22.4], [-83.5, 22.7], [-84.0, 23.1], [-84.4, 23.6], [-84.9, 24.2], [-85.5, 24.8], [-86.1, 25.4], [-86.7, 25.9], [-87.2, 26.4], [-87.7, 26.9], [-88.3, 27.4], [-89.0, 27.9], [-89.7, 28.4], [-90.3, 28.8], [-90.7, 29.2], [-91.4, 29.8], [-91.9, 30.3], [-92.3, 30.7], [-92.7, 31.1], [-93.1, 31.4], [-93.3, 31.8], [-93.5, 32.1], [-93.7, 32.4], [-93.9, 32.7], [-93.9, 33.0], [-93.9, 33.2], [-94.1, 33.5], [-94.3, 33.7], [-94.4, 33.8], [-94.4, 33.8], [-94.4, 33.9], [-94.4, 34.0], [-94.3, 34.1], [-94.1, 34.3], [-93.8, 34.5], [-93.4, 34.8], [-92.9, 35.4], [-92.3, 36.2], [-91.6, 37.3], [-90.7, 38.5], [-89.7, 39.4], [-88.7, 40.2], [-87.7, 41.2], [-86.5, 42.2], [-85.2, 43.0], [-83.8, 43.7]]}}, {"type": "Feature", "properties": {"sid": "2008245N17323", "basin": "North Atlantic", "subbasin": "North Atlantic", "start_time": "2008-09-01 06:00:00", "end_time": "2008-09-15 12:00:00", "point_count": 119, "max_wind_kt": 125.0, "min_pressure_mb": 935.0, "track_points": [{"time": "2008-09-01 06:00:00", "lat": 17.2, "lon": -37.0, "wind_kt": 30.0, "pressure_mb": 1006.0, "category": -1}, {"time": "2008-09-01 09:00:00", "lat": 17.2, "lon": -37.7, "wind_kt": null, "pressure_mb": null, "category": -1}, {"time": "2008-09-01 12:00:00", "lat": 17.3, "lon": -38.4, "wind_kt": 35.0, "pressure_mb": 1005.0, "category": 0}, {"time": "2008-09-01 15:00:00", "lat": 17.4, "lon": -39.2, "wind_kt": null, "pressure_mb": null, "category": 0}, {"time": "2008-09-01 18:00:00", "lat": 17.5, "lon": -39.9, "wind_kt": 45.0, "pressure_mb": 1003.0, "category": 0}, {"time": "2008-09-01 21:00:00", "lat": 17.6, "lon": -40.6, "wind_kt": null, "pressure_mb": null, "category": 0}, {"time": "2008-09-02 00:00:00", "lat": 17.8, "lon": -41.3, "wind_kt": 45.0, "pressure_mb": 1002.0, "category": 0}, {"time": "2008-09-02 03:00:00", "lat": 18.0, "lon": -42.0, "wind_kt": null, "pressure_mb": null, "category": 0}, {"time": "2008-09-02 06:00:00", "lat": 18.2, "lon": -42.8, "wind_kt": 45.0, "pressure_mb": 1000.0, "category": 0}, {"time": "2008-09-02 09:00:00", "lat": 18.4, "lon": -43.6, "wind_kt": null, "pressure_mb": null, "category": 0}, {"time": "2008-09-02 12:00:00", "lat": 18.7, "lon": -44.3, "wind_kt": 50.0, "pressure_mb": 999.0, "category": 0}, {"time": "2008-09-02 15:00:00", "lat": 19.0, "lon": -45.1, "wind_kt": null, "pressure_mb": null, "category": 0}, {"time": "2008-09-02 18:00:00", "lat": 19.3, "lon": -45.8, "wind_kt": 55.0, "pressure_mb": 996.0, "category": 0}, {"time": "2008-09-02 21:00:00", "lat": 19.6, "lon": -46.6, "wind_kt": null, "pressure_mb": null, "category": 0}, {"time": "2008-09-03 00:00:00", "lat": 19.8, "lon": -47.3, "wind_kt": 55.0, "pressure_mb": 994.0, "category": 0}, {"time": "2008-09-03 03:00:00", "lat": 20.0, "lon": -48.1, "wind_kt": null, "pressure_mb": null, "category": 0}, {"time": "2008-09-03 06:00:00", "lat": 20.2, "lon": -48.8, "wind_kt": 55.0, "pressure_mb": 992.0, "category": 0}, {"time": "2008-09-03 09:00:00", "lat": 20.4, "lon": -49.5, "wind_kt": null, "pressure_mb": null, "category": 0}, {"time": "2008-09-03 12:00:00", "lat": 20.6, "lon": -50.3, "wind_kt": 60.0, "pressure_mb": 989.0, "category": 0}, {"time": "2008-09-03 15:00:00", "lat": 20.8, "lon": -51.1, "wind_kt": null, "pressure_mb": null, "category": 0}, {"time": "2008-09-03 18:00:00", "lat": 21.1, "lon": -51.9, "wind_kt": 75.0, "pressure_mb": 979.0, "category": 1}, {"time": "2008-09-03 21:00:00", "lat": 21.4, "lon": -52.7, "wind_kt": null, "pressure_mb": null, "category": 1}, {"time": "2008-09-04 00:00:00", "lat": 21.8, "lon": -53.5, "wind_kt": 105.0, "pressure_mb": 956.0, "category": 3}, {"time": "2008-09-04 03:00:00", "lat": 22.1, "lon": -54.3, "wind_kt": null, "pressure_mb": null, "category": 3}, {"time": "2008-09-04 06:00:00", "lat": 22.4, "lon": -55.0, "wind_kt": 125.0, "pressure_mb": 935.0, "category": 4}, {"time": "2008-09-04 09:00:00", "lat": 22.7, "lon": -55.7, "wind_kt": null, "pressure_mb": null, "category": 4}, {"time": "2008-09-04 12:00:00", "lat": 23.0, "lon": -56.4, "wind_kt": 120.0, "pressure_mb": 937.0, "category": 4}, {"time": "2008-09-04 15:00:00", "lat": 23.2, "lon": -57.1, "wind_kt": null, "pressure_mb": null, "category": 4}, {"time": "2008-09-04 18:00:00", "lat": 23.4, "lon": -57.7, "wind_kt": 115.0, "pressure_mb": 940.0, "category": 4}, {"time": "2008-09-04 21:00:00", "lat": 23.5, "lon": -58.3, "wind_kt": null, "pressure_mb": null, "category": 4}, {"time": "2008-09-05 00:00:00", "lat": 23.6, "lon": -59.0, "wind_kt": 115.0, "pressure_mb": 944.0, "category": 4}, {"time": "2008-09-05 03:00:00", "lat": 23.6, "lon": -59.7, "wind_kt": null, "pressure_mb": null, "category": 4}, {"time": "2008-09-05 06:00:00", "lat": 23.6, "lon": -60.4, "wind_kt": 115.0, "pressure_mb": 949.0, "category": 4}, {"time": "2008-09-05 09:00:00", "lat": 23.6, "lon": -61.1, "wind_kt": null, "pressure_mb": null, "category": 4}, {"time": "2008-09-05 12:00:00", "lat": 23.5, "lon": -61.9, "wind_kt": 105.0, "pressure_mb": 954.0, "category": 3}, {"time": "2008-09-05 15:00:00", "lat": 23.4, "lon": -62.6, "wind_kt": null, "pressure_mb": null, "category": 3}, {"time": "2008-09-05 18:00:00", "lat": 23.2, "lon": -63.4, "wind_kt": 100.0, "pressure_mb": 959.0, "category": 3}, {"time": "2008-09-05 21:00:00", "lat": 23.0, "lon": -64.2, "wind_kt": null, "pressure_mb": null, "category": 3}, {"time": "2008-09-06 00:00:00", "lat": 22.8, "lon": -64.9, "wind_kt": 100.0, "pressure_mb": 962.0, "category": 3}, {"time": "2008-09-06 03:00:00", "lat": 22.6, "lon": -65.6, "wind_kt": null, "pressure_mb": null, "category": 3}, {"time": "2008-09-06 06:00:00", "lat": 22.4, "lon": -66.3, "wind_kt": 100.0, "pressure_mb": 964.0, "category": 3}, {"time": "2008-09-06 09:00:00", "lat": 22.1, "lon": -67.0, "wind_kt": null, "pressure_mb": null, "category": 3}, {"time": "2008-09-06 12:00:00", "lat": 21.9, "lon": -67.7, "wind_kt": 95.0, "pressure_mb": 965.0, "category": 2}, {"time": "2008-09-06 15:00:00", "lat": 21.7, "lon": -68.4, "wind_kt": null, "pressure_mb": null, "category": 2}, {"time": "2008-09-06 18:00:00", "lat": 21.5, "lon": -69.0, "wind_kt": 115.0, "pressure_mb": 950.0, "category": 4}, {"time": "2008-09-06 21:00:00", "lat": 21.3, "lon": -69.6, "wind_kt": null, "pressure_mb": null, "category": 4}, {"time": "2008-09-07 00:00:00", "lat": 21.2, "lon": -70.3, "wind_kt": 115.0, "pressure_mb": 947.0, "category": 4}, {"time": "2008-09-07 03:00:00", "lat": 21.1, "lon": -71.0, "wind_kt": null, "pressure_mb": null, "category": 4}, {"time": "2008-09-07 06:00:00", "lat": 21.1, "lon": -71.6, "wind_kt": 115.0, "pressure_mb": 947.0, "category": 4}, {"time": "2008-09-07 09:00:00", "lat": 21.0, "lon": -72.0, "wind_kt": null, "pressure_mb": null, "category": 4}, {"time": "2008-09-07 12:00:00", "lat": 21.0, "lon": -72.8, "wind_kt": 110.0, "pressure_mb": 947.0, "category": 3}, {"time": "2008-09-07 13:00:00", "lat": 21.0, "lon": -73.2, "wind_kt": 110.0, "pressure_mb": 947.0, "category": 3}, {"time": "2008-09-07 15:00:00", "lat": 21.0, "lon": -73.7, "wind_kt": null, "pressure_mb": null, "category": 3}, {"time": "2008-09-07 18:00:00", "lat": 21.0, "lon": -74.0, "wind_kt": 105.0, "pressure_mb": 946.0, "category": 3}, {"time": "2008-09-07 21:00:00", "lat": 21.1, "lon": -74.5, "wind_kt": null, "pressure_mb": null, "category": 3}, {"time": "2008-09-08 00:00:00", "lat": 21.1, "lon": -75.2, "wind_kt": 115.0, "pressure_mb": 945.0, "category": 4}, {"time": "2008-09-08 02:00:00", "lat": 21.1, "lon": -75.7, "wind_kt": 115.0, "pressure_mb": 945.0, "category": 4}, {"time": "2008-09-08 03:00:00", "lat": 21.1, "lon": -75.9, "wind_kt": null, "pressure_mb": null, "category": 4}, {"time": "2008-09-08 06:00:00", "lat": 21.1, "lon": -76.5, "wind_kt": 100.0, "pressure_mb": 950.0, "category": 3}, {"time": "2008-09-08 09:00:00", "lat": 21.1, "lon": -77.1, "wind_kt": null, "pressure_mb": null, "category": 3}, {"time": "2008-09-08 12:00:00", "lat": 21.1, "lon": -77.8, "wind_kt": 85.0, "pressure_mb": 960.0, "category": 2}, {"time": "2008-09-08 15:00:00", "lat": 21.1, "lon": -78.5, "wind_kt": null, "pressure_mb": null, "category": 2}, {"time": "2008-09-08 18:00:00", "lat": 21.2, "lon": -79.1, "wind_kt": 75.0, "pressure_mb": 964.0, "category": 1}, {"time": "2008-09-08 21:00:00", "lat": 21.3, "lon": -79.7, "wind_kt": null, "pressure_mb": null, "category": 1}, {"time": "2008-09-09 00:00:00", "lat": 21.5, "lon": -80.3, "wind_kt": 70.0, "pressure_mb": 965.0, "category": 1}, {"time": "2008-09-09 03:00:00", "lat": 21.7, "lon": -80.9, "wind_kt": null, "pressure_mb": null, "category": 1}, {"time": "2008-09-09 06:00:00", "lat": 22.0, "lon": -81.4, "wind_kt": 70.0, "pressure_mb": 965.0, "category": 1}, {"time": "2008-09-09 09:00:00", "lat": 22.2, "lon": -81.8, "wind_kt": null, "pressure_mb": null, "category": 1}, {"time": "2008-09-09 12:00:00", "lat": 22.4, "lon": -82.4, "wind_kt": 70.0, "pressure_mb": 965.0, "category": 1}, {"time": "2008-09-09 14:00:00", "lat": 22.6, "lon": -82.9, "wind_kt": 70.0, "pressure_mb": 965.0, "category": 1}, {"time": "2008-09-09 15:00:00", "lat": 22.7, "lon": -83.1, "wind_kt": null, "pressure_mb": null, "category": 1}, {"time": "2008-09-09 18:00:00", "lat": 22.7, "lon": -83.3, "wind_kt": 65.0, "pressure_mb": 966.0, "category": 1}, {"time": "2008-09-09 21:00:00", "lat": 22.9, "lon": -83.6, "wind_kt": null, "pressure_mb": null, "category": 1}, {"time": "2008-09-10 00:00:00", "lat": 23.1, "lon": -84.0, "wind_kt": 65.0, "pressure_mb": 968.0, "category": 1}, {"time": "2008-09-10 03:00:00", "lat": 23.2, "lon": -84.3, "wind_kt": null, "pressure_mb": null, "category": 1}, {"time": "2008-09-10 06:00:00", "lat": 23.4, "lon": -84.6, "wind_kt": 70.0, "pressure_mb": 964.0, "category": 1}, {"time": "2008-09-10 09:00:00", "lat": 23.6, "lon": -84.9, "wind_kt": null, "pressure_mb": null, "category": 1}, {"time": "2008-09-10 12:00:00", "lat": 23.8, "lon": -85.2, "wind_kt": 80.0, "pressure_mb": 959.0, "category": 1}, {"time": "2008-09-10 15:00:00", "lat": 24.0, "lon": -85.5, "wind_kt": null, "pressure_mb": null, "category": 1}, {"time": "2008-09-10 18:00:00", "lat": 24.2, "lon": -85.8, "wind_kt": 85.0, "pressure_mb": 958.0, "category": 2}, {"time": "2008-09-10 21:00:00", "lat": 24.4, "lon": -86.1, "wind_kt": null, "pressure_mb": null, "category": 2}, {"time": "2008-09-11 00:00:00", "lat": 24.7, "lon": -86.4, "wind_kt": 85.0, "pressure_mb": 944.0, "category": 2}, {"time": "2008-09-11 03:00:00", "lat": 24.9, "lon": -86.7, "wind_kt": null, "pressure_mb": null, "category": 2}, {"time": "2008-09-11 06:00:00", "lat": 25.1, "lon": -87.1, "wind_kt": 85.0, "pressure_mb": 945.0, "category": 2}, {"time": "2008-09-11 09:00:00", "lat": 25.3, "lon": -87.5, "wind_kt": null, "pressure_mb": null, "category": 2}, {"time": "2008-09-11 12:00:00", "lat": 25.5, "lon": -88.0, "wind_kt": 85.0, "pressure_mb": 946.0, "category": 2}, {"time": "2008-09-11 15:00:00", "lat": 25.7, "lon": -88.4, "wind_kt": null, "pressure_mb": null, "category": 2}, {"time": "2008-09-11 18:00:00", "lat": 25.8, "lon": -88.9, "wind_kt": 85.0, "pressure_mb": 952.0, "category": 2}, {"time": "2008-09-11 21:00:00", "lat": 25.9, "lon": -89.4, "wind_kt": null, "pressure_mb": null, "category": 2}, {"time": "2008-09-12 00:00:00", "lat": 26.1, "lon": -90.0, "wind_kt": 85.0, "pressure_mb": 954.0, "category": 2}, {"time": "2008-09-12 03:00:00", "lat": 26.2, "lon": -90.6, "wind_kt": null, "pressure_mb": null, "category": 2}, {"time": "2008-09-12 06:00:00", "lat": 26.4, "lon": -91.1, "wind_kt": 90.0, "pressure_mb": 954.0, "category": 2}, {"time": "2008-09-12 09:00:00", "lat": 26.6, "lon": -91.7, "wind_kt": null, "pressure_mb": null, "category": 2}, {"time": "2008-09-12 12:00:00", "lat": 26.9, "lon": -92.2, "wind_kt": 95.0, "pressure_mb": 954.0, "category": 2}, {"time": "2008-09-12 15:00:00", "lat": 27.2, "lon": -92.7, "wind_kt": null, "pressure_mb": null, "category": 2}, {"time": "2008-09-12 18:00:00", "lat": 27.5, "lon": -93.2, "wind_kt": 95.0, "pressure_mb": 954.0, "category": 2}, {"time": "2008-09-12 21:00:00", "lat": 27.9, "lon": -93.6, "wind_kt": null, "pressure_mb": null, "category": 2}, {"time": "2008-09-13 00:00:00", "lat": 28.3, "lon": -94.0, "wind_kt": 95.0, "pressure_mb": 952.0, "category": 2}, {"time": "2008-09-13 03:00:00", "lat": 28.6, "lon": -94.3, "wind_kt": null, "pressure_mb": null, "category": 2}, {"time": "2008-09-13 06:00:00", "lat": 29.1, "lon": -94.6, "wind_kt": 95.0, "pressure_mb": 951.0, "category": 2}, {"time": "2008-09-13 07:00:00", "lat": 29.3, "lon": -94.7, "wind_kt": 95.0, "pressure_mb": 950.0, "category": 2}, {"time": "2008-09-13 09:00:00", "lat": 29.7, "lon": -94.9, "wind_kt": null, "pressure_mb": null, "category": 2}, {"time": "2008-09-13 12:00:00", "lat": 30.3, "lon": -95.2, "wind_kt": 85.0, "pressure_mb": 959.0, "category": 2}, {"time": "2008-09-13 15:00:00", "lat": 31.0, "lon": -95.3, "wind_kt": null, "pressure_mb": null, "category": 2}, {"time": "2008-09-13 18:00:00", "lat": 31.7, "lon": -95.3, "wind_kt": 50.0, "pressure_mb": 974.0, "category": 0}, {"time": "2008-09-13 21:00:00", "lat": 32.6, "lon": -95.2, "wind_kt": null, "pressure_mb": null, "category": 0}, {"time": "2008-09-14 00:00:00", "lat": 33.5, "lon": -94.9, "wind_kt": 35.0, "pressure_mb": 980.0, "category": 0}, {"time": "2008-09-14 03:00:00", "lat": 34.5, "lon": -94.5, "wind_kt": null, "pressure_mb": null, "category": 0}, {"time": "2008-09-14 06:00:00", "lat": 35.5, "lon": -93.7, "wind_kt": 35.0, "pressure_mb": 985.0, "category": 0}, {"time": "2008-09-14 09:00:00", "lat": 36.5, "lon": -92.5, "wind_kt": null, "pressure_mb": null, "category": 0}, {"time": "2008-09-14 12:00:00", "lat": 37.6, "lon": -91.0, "wind_kt": 40.0, "pressure_mb": 987.0, "category": 0}, {"time": "2008-09-14 15:00:00", "lat": 38.9, "lon": -89.3, "wind_kt": null, "pressure_mb": null, "category": 0}, {"time": "2008-09-14 18:00:00", "lat": 40.3, "lon": -87.2, "wind_kt": 50.0, "pressure_mb": 988.0, "category": 0}, {"time": "2008-09-14 21:00:00", "lat": 41.8, "lon": -84.5, "wind_kt": null, "pressure_mb": null, "category": 0}, {"time": "2008-09-15 00:00:00", "lat": 43.3, "lon": -81.5, "wind_kt": 50.0, "pressure_mb": 988.0, "category": 0}, {"time": "2008-09-15 03:00:00", "lat": 44.7, "lon": -78.3, "wind_kt": null, "pressure_mb": null, "category": 0}, {"time": "2008-09-15 06:00:00", "lat": 45.8, "lon": -75.3, "wind_kt": 40.0, "pressure_mb": 986.0, "category": 0}, {"time": "2008-09-15 09:00:00", "lat": 46.6, "lon": -73.0, "wind_kt": null, "pressure_mb": null, "category": 0}, {"time": "2008-09-15 12:00:00", "lat": 47.2, "lon": -71.1, "wind_kt": 35.0, "pressure_mb": 986.0, "category": 0}]}, "geometry": {"type": "LineString", "coordinates": [[-37.0, 17.2], [-37.7, 17.2], [-38.4, 17.3], [-39.2, 17.4], [-39.9, 17.5], [-40.6, 17.6], [-41.3, 17.8], [-42.0, 18.0], [-42.8, 18.2], [-43.6, 18.4], [-44.3, 18.7], [-45.1, 19.0], [-45.8, 19.3], [-46.6, 19.6], [-47.3, 19.8], [-48.1, 20.0], [-48.8, 20.2], [-49.5, 20.4], [-50.3, 20.6], [-51.1, 20.8], [-51.9, 21.1], [-52.7, 21.4], [-53.5, 21.8], [-54.3, 22.1], [-55.0, 22.4], [-55.7, 22.7], [-56.4, 23.0], [-57.1, 23.2], [-57.7, 23.4], [-58.3, 23.5], [-59.0, 23.6], [-59.7, 23.6], [-60.4, 23.6], [-61.1, 23.6], [-61.9, 23.5], [-62.6, 23.4], [-63.4, 23.2], [-64.2, 23.0], [-64.9, 22.8], [-65.6, 22.6], [-66.3, 22.4], [-67.0, 22.1], [-67.7, 21.9], [-68.4, 21.7], [-69.0, 21.5], [-69.6, 21.3], [-70.3, 21.2], [-71.0, 21.1], [-71.6, 21.1], [-72.0, 21.0], [-72.8, 21.0], [-73.2, 21.0], [-73.7, 21.0], [-74.0, 21.0], [-74.5, 21.1], [-75.2, 21.1], [-75.7, 21.1], [-75.9, 21.1], [-76.5, 21.1], [-77.1, 21.1], [-77.8, 21.1], [-78.5, 21.1], [-79.1, 21.2], [-79.7, 21.3], [-80.3, 21.5], [-80.9, 21.7], [-81.4, 22.0], [-81.8, 22.2], [-82.4, 22.4], [-82.9, 22.6], [-83.1, 22.7], [-83.3, 22.7], [-83.6, 22.9], [-84.0, 23.1], [-84.3, 23.2], [-84.6, 23.4], [-84.9, 23.6], [-85.2, 23.8], [-85.5, 24.0], [-85.8, 24.2], [-86.1, 24.4], [-86.4, 24.7], [-86.7, 24.9], [-87.1, 25.1], [-87.5, 25.3], [-88.0, 25.5], [-88.4, 25.7], [-88.9, 25.8], [-89.4, 25.9], [-90.0, 26.1], [-90.6, 26.2], [-91.1, 26.4], [-91.7, 26.6], [-92.2, 26.9], [-92.7, 27.2], [-93.2, 27.5], [-93.6, 27.9], [-94.0, 28.3], [-94.3, 28.6], [-94.6, 29.1], [-94.7, 29.3], [-94.9, 29.7], [-95.2, 30.3], [-95.3, 31.0], [-95.3, 31.7], [-95.2, 32.6], [-94.9, 33.5], [-94.5, 34.5], [-93.7, 35.5], [-92.5, 36.5], [-91.0, 37.6], [-89.3, 38.9], [-87.2, 40.3], [-84.5, 41.8], [-81.5, 43.3], [-78.3, 44.7], [-75.3, 45.8], [-73.0, 46.6], [-71.1, 47.2]]}}, {"type": "Feature", "properties": {"sid": "2015068S14113", "basin": "South Indian", "subbasin": "Western Australia", "start_time": "2015-03-08 14:00:00", "end_time": "2015-03-14 16:00:00", "point_count": 51, "max_wind_kt": 75.0, "min_pressure_mb": 955.0, "track_points": [{"time": "2015-03-08 14:00:00", "lat": -14.0, "lon": 112.5, "wind_kt": 15.0, "pressure_mb": 1008.0, "category": -1}, {"time": "2015-03-08 15:00:00", "lat": -14.0, "lon": 112.6, "wind_kt": null, "pressure_mb": null, "category": -1}, {"time": "2015-03-08 18:00:00", "lat": -13.9, "lon": 112.8, "wind_kt": 15.0, "pressure_mb": 1008.0, "category": -1}, {"time": "2015-03-08 21:00:00", "lat": -13.8, "lon": 113.0, "wind_kt": null, "pressure_mb": null, "category": -1}, {"time": "2015-03-09 00:00:00", "lat": -13.8, "lon": 113.2, "wind_kt": 20.0, "pressure_mb": 1008.0, "category": -1}, {"time": "2015-03-09 03:00:00", "lat": -13.7, "lon": 113.4, "wind_kt": null, "pressure_mb": null, "category": -1}, {"time": "2015-03-09 06:00:00", "lat": -13.7, "lon": 113.7, "wind_kt": 20.0, "pressure_mb": 1008.0, "category": -1}, {"time": "2015-03-09 09:00:00", "lat": -13.7, "lon": 114.0, "wind_kt": null, "pressure_mb": null, "category": -1}, {"time": "2015-03-09 12:00:00", "lat": -13.7, "lon": 114.3, "wind_kt": 20.0, "pressure_mb": 1008.0, "category": -1}, {"time": "2015-03-09 15:00:00", "lat": -13.7, "lon": 114.7, "wind_kt": null, "pressure_mb": null, "category": -1}, {"time": "2015-03-09 18:00:00", "lat": -13.7, "lon": 115.0, "wind_kt": 20.0, "pressure_mb": 1008.0, "category": -1}, {"time": "2015-03-09 21:00:00", "lat": -13.7, "lon": 115.3, "wind_kt": null, "pressure_mb": null, "category": -1}, {"time": "2015-03-10 00:00:00", "lat": -13.7, "lon": 115.6, "wind_kt": 25.0, "pressure_mb": 1005.0, "category": -1}, {"time": "2015-03-10 03:00:00", "lat": -14.0, "lon": 115.8, "wind_kt": null, "pressure_mb": null, "category": -1}, {"time": "2015-03-10 06:00:00", "lat": -14.2, "lon": 115.9, "wind_kt": 25.0, "pressure_mb": 1005.0, "category": -1}, {"time": "2015-03-10 09:00:00", "lat": -14.5, "lon": 116.0, "wind_kt": null, "pressure_mb": null, "category": -1}, {"time": "2015-03-10 12:00:00", "lat": -14.7, "lon": 116.1, "wind_kt": 25.0, "pressure_mb": 1005.0, "category": -1}, {"time": "2015-03-10 15:00:00", "lat": -14.9, "lon": 116.1, "wind_kt": null, "pressure_mb": null, "category": -1}, {"time": "2015-03-10 18:00:00", "lat": -15.2, "lon": 116.2, "wind_kt": 25.0, "pressure_mb": 1005.0, "category": -1}, {"time": "2015-03-10 21:00:00", "lat": -15.4, "lon": 116.2, "wind_kt": null, "pressure_mb": null, "category": -1}, {"time": "2015-03-11 00:00:00", "lat": -15.7, "lon": 116.2, "wind_kt": 40.0, "pressure_mb": 997.0, "category": 0}, {"time": "2015-03-11 03:00:00", "lat": -16.1, "lon": 116.1, "wind_kt": null, "pressure_mb": null, "category": 0}, {"time": "2015-03-11 06:00:00", "lat": -16.5, "lon": 116.0, "wind_kt": 40.0, "pressure_mb": 995.0, "category": 0}, {"time": "2015-03-11 09:00:00", "lat": -16.8, "lon": 116.0, "wind_kt": null, "pressure_mb": null, "category": 0}, {"time": "2015-03-11 12:00:00", "lat": -17.1, "lon": 115.8, "wind_kt": 45.0, "pressure_mb": 992.0, "category": 0}, {"time": "2015-03-11 15:00:00", "lat": -17.4, "lon": 115.6, "wind_kt": null, "pressure_mb": null, "category": 0}, {"time": "2015-03-11 18:00:00", "lat": -17.8, "lon": 115.3, "wind_kt": 50.0, "pressure_mb": 990.0, "category": 0}, {"time": "2015-03-11 21:00:00", "lat": -18.1, "lon": 115.1, "wind_kt": null, "pressure_mb": null, "category": 0}, {"time": "2015-03-12 00:00:00", "lat": -18.6, "lon": 115.0, "wind_kt": 55.0, "pressure_mb": 984.0, "category": 0}, {"time": "2015-03-12 03:00:00", "lat": -19.2, "lon": 114.8, "wind_kt": null, "pressure_mb": null, "category": 0}, {"time": "2015-03-12 06:00:00", "lat": -19.9, "lon": 114.6, "wind_kt": 60.0, "pressure_mb": 980.0, "category": 0}, {"time": "2015-03-12 09:00:00", "lat": -20.5, "lon": 114.4, "wind_kt": null, "pressure_mb": null, "category": 0}, {"time": "2015-03-12 12:00:00", "lat": -21.0, "lon": 114.1, "wind_kt": 65.0, "pressure_mb": 970.0, "category": 1}, {"time": "2015-03-12 15:00:00", "lat": -21.6, "lon": 113.9, "wind_kt": null, "pressure_mb": null, "category": 1}, {"time": "2015-03-12 18:00:00", "lat": -22.2, "lon": 113.8, "wind_kt": 75.0, "pressure_mb": 955.0, "category": 1}, {"time": "2015-03-12 21:00:00", "lat": -22.9, "lon": 113.7, "wind_kt": null, "pressure_mb": null, "category": 1}, {"time": "2015-03-13 00:00:00", "lat": -23.6, "lon": 113.6, "wind_kt": 75.0, "pressure_mb": 955.0, "category": 1}, {"time": "2015-03-13 03:00:00", "lat": -24.3, "lon": 113.4, "wind_kt": 70.0, "pressure_mb": 971.0, "category": 1}, {"time": "2015-03-13 06:00:00", "lat": -24.9, "lon": 113.4, "wind_kt": 70.0, "pressure_mb": 971.0, "category": 1}, {"time": "2015-03-13 09:00:00", "lat": -25.5, "lon": 113.5, "wind_kt": null, "pressure_mb": null, "category": 1}, {"time": "2015-03-13 12:00:00", "lat": -26.1, "lon": 113.9, "wind_kt": 55.0, "pressure_mb": 980.0, "category": 0}, {"time": "2015-03-13 15:00:00", "lat": -26.9, "lon": 114.3, "wind_kt": null, "pressure_mb": null, "category": 0}, {"time": "2015-03-13 18:00:00", "lat": -27.7, "lon": 114.7, "wind_kt": 40.0, "pressure_mb": 990.0, "category": 0}, {"time": "2015-03-13 21:00:00", "lat": -28.4, "lon": 115.2, "wind_kt": null, "pressure_mb": null, "category": 0}, {"time": "2015-03-14 00:00:00", "lat": -29.2, "lon": 115.6, "wind_kt": 30.0, "pressure_mb": 995.0, "category": -1}, {"time": "2015-03-14 03:00:00", "lat": -30.0, "lon": 116.1, "wind_kt": null, "pressure_mb": null, "category": -1}, {"time": "2015-03-14 06:00:00", "lat": -31.1, "lon": 116.8, "wind_kt": 30.0, "pressure_mb": 1000.0, "category": -1}, {"time": "2015-03-14 09:00:00", "lat": -32.1, "lon": 117.5, "wind_kt": 25.0, "pressure_mb": 1000.0, "category": -1}, {"time": "2015-03-14 12:00:00", "lat": -32.9, "lon": 118.6, "wind_kt": 20.0, "pressure_mb": 1004.0, "category": -1}, {"time": "2015-03-14 15:00:00", "lat": -33.7, "lon": 119.6, "wind_kt": null, "pressure_mb": null, "category": -1}, {"time": "2015-03-14 16:00:00", "lat": -34.0, "lon": 120.0, "wind_kt": 15.0, "pressure_mb": 1007.0, "category": -1}]}, "geometry": {"type": "LineString", "coordinates": [[112.5, -14.0], [112.6, -14.0], [112.8, -13.9], [113.0, -13.8], [113.2, -13.8], [113.4, -13.7], [113.7, -13.7], [114.0, -13.7], [114.3, -13.7], [114.7, -13.7], [115.0, -13.7], [115.3, -13.7], [115.6, -13.7], [115.8, -14.0], [115.9, -14.2], [116.0, -14.5], [116.1, -14.7], [116.1, -14.9], [116.2, -15.2], [116.2, -15.4], [116.2, -15.7], [116.1, -16.1], [116.0, -16.5], [116.0, -16.8], [115.8, -17.1], [115.6, -17.4], [115.3, -17.8], [115.1, -18.1], [115.0, -18.6], [114.8, -19.2], [114.6, -19.9], [114.4, -20.5], [114.1, -21.0], [113.9, -21.6], [113.8, -22.2], [113.7, -22.9], [113.6, -23.6], [113.4, -24.3], [113.4, -24.9], [113.5, -25.5], [113.9, -26.1], [114.3, -26.9], [114.7, -27.7], [115.2, -28.4], [115.6, -29.2], [116.1, -30.0], [116.8, -31.1], [117.5, -32.1], [118.6, -32.9], [119.6, -33.7], [120.0, -34.0]]}}, {"type": "Feature", "properties": {"sid": "2019236N10314", "basin": "North Atlantic", "subbasin": "North Atlantic", "start_time": "2019-08-24 06:00:00", "end_time": "2019-09-09 00:00:00", "point_count": 133, "max_wind_kt": 160.0, "min_pressure_mb": 910.0, "track_points": [{"time": "2019-08-24 06:00:00", "lat": 10.3, "lon": -46.4, "wind_kt": 25.0, "pressure_mb": 1011.0, "category": -1}, {"time": "2019-08-24 09:00:00", "lat": 10.3, "lon": -46.9, "wind_kt": null, "pressure_mb": null, "category": -1}, {"time": "2019-08-24 12:00:00", "lat": 10.4, "lon": -47.5, "wind_kt": 30.0, "pressure_mb": 1010.0, "category": -1}, {"time": "2019-08-24 15:00:00", "lat": 10.5, "lon": -48.1, "wind_kt": null, "pressure_mb": null, "category": -1}, {"time": "2019-08-24 18:00:00", "lat": 10.6, "lon": -48.7, "wind_kt": 35.0, "pressure_mb": 1008.0, "category": 0}, {"time": "2019-08-24 21:00:00", "lat": 10.7, "lon": -49.3, "wind_kt": null, "pressure_mb": null, "category": 0}, {"time": "2019-08-25 00:00:00", "lat": 10.8, "lon": -49.9, "wind_kt": 35.0, "pressure_mb": 1008.0, "category": 0}, {"time": "2019-08-25 03:00:00", "lat": 10.9, "lon": -50.4, "wind_kt": null, "pressure_mb": null, "category": 0}, {"time": "2019-08-25 06:00:00", "lat": 11.0, "lon": -51.0, "wind_kt": 35.0, "pressure_mb": 1008.0, "category": 0}, {"time": "2019-08-25 09:00:00", "lat": 11.1, "lon": -51.6, "wind_kt": null, "pressure_mb": null, "category": 0}, {"time": "2019-08-25 12:00:00", "lat": 11.2, "lon": -52.3, "wind_kt": 40.0, "pressure_mb": 1007.0, "category": 0}, {"time": "2019-08-25 15:00:00", "lat": 11.3, "lon": -52.9, "wind_kt": null, "pressure_mb": null, "category": 0}, {"time": "2019-08-25 18:00:00", "lat": 11.4, "lon": -53.5, "wind_kt": 45.0, "pressure_mb": 1007.0, "category": 0}, {"time": "2019-08-25 21:00:00", "lat": 11.5, "lon": -54.1, "wind_kt": null, "pressure_mb": null, "category": 0}, {"time": "2019-08-26 00:00:00", "lat": 11.6, "lon": -54.7, "wind_kt": 45.0, "pressure_mb": 1007.0, "category": 0}, {"time": "2019-08-26 03:00:00", "lat": 11.7, "lon": -55.4, "wind_kt": null, "pressure_mb": null, "category": 0}, {"time": "2019-08-26 06:00:00", "lat": 11.9, "lon": -56.0, "wind_kt": 45.0, "pressure_mb": 1006.0, "category": 0}, {"time": "2019-08-26 09:00:00", "lat": 12.0, "lon": -56.6, "wind_kt": null, "pressure_mb": null, "category": 0}, {"time": "2019-08-26 12:00:00", "lat": 12.2, "lon": -57.2, "wind_kt": 45.0, "pressure_mb": 1006.0, "category": 0}, {"time": "2019-08-26 15:00:00", "lat": 12.4, "lon": -57.8, "wind_kt": null, "pressure_mb": null, "category": 0}, {"time": "2019-08-26 18:00:00", "lat": 12.6, "lon": -58.3, "wind_kt": 45.0, "pressure_mb": 1006.0, "category": 0}, {"time": "2019-08-26 21:00:00", "lat": 12.8, "lon": -58.8, "wind_kt": null, "pressure_mb": null, "category": 0}, {"time": "2019-08-27 00:00:00", "lat": 13.0, "lon": -59.2, "wind_kt": 45.0, "pressure_mb": 1005.0, "category": 0}, {"time": "2019-08-27 01:30:00", "lat": 13.1, "lon": -59.4, "wind_kt": 45.0, "pressure_mb": 1005.0, "category": 0}, {"time": "2019-08-27 03:00:00", "lat": 13.2, "lon": -59.6, "wind_kt": null, "pressure_mb": null, "category": 0}, {"time": "2019-08-27 06:00:00", "lat": 13.5, "lon": -60.2, "wind_kt": 45.0, "pressure_mb": 1005.0, "category": 0}, {"time": "2019-08-27 09:00:00", "lat": 13.7, "lon": -60.5, "wind_kt": null, "pressure_mb": null, "category": 0}, {"time": "2019-08-27 11:00:00", "lat": 14.0, "lon": -60.9, "wind_kt": 45.0, "pressure_mb": 1005.0, "category": 0}, {"time": "2019-08-27 12:00:00", "lat": 14.2, "lon": -61.2, "wind_kt": 45.0, "pressure_mb": 1005.0, "category": 0}, {"time": "2019-08-27 15:00:00", "lat": 14.7, "lon": -61.7, "wind_kt": null, "pressure_mb": null, "category": 0}, {"time": "2019-08-27 18:00:00", "lat": 15.0, "lon": -62.0, "wind_kt": 45.0, "pressure_mb": 1004.0, "category": 0}, {"time": "2019-08-27 21:00:00", "lat": 15.4, "lon": -62.4, "wind_kt": null, "pressure_mb": null, "category": 0}, {"time": "2019-08-28 00:00:00", "lat": 15.7, "lon": -62.8, "wind_kt": 50.0, "pressure_mb": 1003.0, "category": 0}, {"time": "2019-08-28 03:00:00", "lat": 16.0, "lon": -63.2, "wind_kt": null, "pressure_mb": null, "category": 0}, {"time": "2019-08-28 06:00:00", "lat": 16.4, "lon": -63.5, "wind_kt": 55.0, "pressure_mb": 1001.0, "category": 0}, {"time": "2019-08-28 09:00:00", "lat": 16.8, "lon": -63.9, "wind_kt": null, "pressure_mb": null, "category": 0}, {"time": "2019-08-28 12:00:00", "lat": 17.3, "lon": -64.2, "wind_kt": 60.0, "pressure_mb": 999.0, "category": 0}, {"time": "2019-08-28 15:00:00", "lat": 17.7, "lon": -64.5, "wind_kt": null, "pressure_mb": null, "category": 0}, {"time": "2019-08-28 15:30:00", "lat": 17.8, "lon": -64.6, "wind_kt": 65.0, "pressure_mb": 995.0, "category": 1}, {"time": "2019-08-28 18:00:00", "lat": 18.4, "lon": -65.1, "wind_kt": 70.0, "pressure_mb": 993.0, "category": 1}, {"time": "2019-08-28 21:00:00", "lat": 18.9, "lon": -65.5, "wind_kt": null, "pressure_mb": null, "category": 1}, {"time": "2019-08-29 00:00:00", "lat": 19.2, "lon": -65.7, "wind_kt": 75.0, "pressure_mb": 989.0, "category": 1}, {"time": "2019-08-29 03:00:00", "lat": 19.6, "lon": -66.0, "wind_kt": null, "pressure_mb": null, "category": 1}, {"time": "2019-08-29 06:00:00", "lat": 20.0, "lon": -66.3, "wind_kt": 75.0, "pressure_mb": 988.0, "category": 1}, {"time": "2019-08-29 09:00:00", "lat": 20.5, "lon": -66.6, "wind_kt": null, "pressure_mb": null, "category": 1}, {"time": "2019-08-29 12:00:00", "lat": 21.0, "lon": -66.9, "wind_kt": 75.0, "pressure_mb": 986.0, "category": 1}, {"time": "2019-08-29 15:00:00", "lat": 21.5, "lon": -67.2, "wind_kt": null, "pressure_mb": null, "category": 1}, {"time": "2019-08-29 18:00:00", "lat": 22.0, "lon": -67.4, "wind_kt": 75.0, "pressure_mb": 983.0, "category": 1}, {"time": "2019-08-29 21:00:00", "lat": 22.4, "lon": -67.7, "wind_kt": null, "pressure_mb": null, "category": 1}, {"time": "2019-08-30 00:00:00", "lat": 22.8, "lon": -68.0, "wind_kt": 80.0, "pressure_mb": 978.0, "category": 1}, {"time": "2019-08-30 03:00:00", "lat": 23.2, "lon": -68.4, "wind_kt": null, "pressure_mb": null, "category": 1}, {"time": "2019-08-30 06:00:00", "lat": 23.5, "lon": -68.8, "wind_kt": 90.0, "pressure_mb": 978.0, "category": 2}, {"time": "2019-08-30 09:00:00", "lat": 23.9, "lon": -69.2, "wind_kt": null, "pressure_mb": null, "category": 2}, {"time": "2019-08-30 12:00:00", "lat": 24.3, "lon": -69.5, "wind_kt": 95.0, "pressure_mb": 972.0, "category": 2}, {"time": "2019-08-30 15:00:00", "lat": 24.6, "lon": -69.9, "wind_kt": null, "pressure_mb": null, "category": 2}, {"time": "2019-08-30 18:00:00", "lat": 24.8, "lon": -70.3, "wind_kt": 100.0, "pressure_mb": 968.0, "category": 3}, {"time": "2019-08-30 21:00:00", "lat": 25.1, "lon": -70.7, "wind_kt": null, "pressure_mb": null, "category": 3}, {"time": "2019-08-31 00:00:00", "lat": 25.3, "lon": -71.1, "wind_kt": 115.0, "pressure_mb": 949.0, "category": 4}, {"time": "2019-08-31 03:00:00", "lat": 25.5, "lon": -71.6, "wind_kt": null, "pressure_mb": null, "category": 4}, {"time": "2019-08-31 06:00:00", "lat": 25.6, "lon": -72.1, "wind_kt": 120.0, "pressure_mb": 947.0, "category": 4}, {"time": "2019-08-31 09:00:00", "lat": 25.8, "lon": -72.6, "wind_kt": null, "pressure_mb": null, "category": 4}, {"time": "2019-08-31 12:00:00", "lat": 25.9, "lon": -73.0, "wind_kt": 125.0, "pressure_mb": 944.0, "category": 4}, {"time": "2019-08-31 15:00:00", "lat": 26.0, "lon": -73.5, "wind_kt": null, "pressure_mb": null, "category": 4}, {"time": "2019-08-31 18:00:00", "lat": 26.1, "lon": -74.0, "wind_kt": 130.0, "pressure_mb": 942.0, "category": 4}, {"time": "2019-08-31 21:00:00", "lat": 26.2, "lon": -74.4, "wind_kt": null, "pressure_mb": null, "category": 4}, {"time": "2019-09-01 00:00:00", "lat": 26.3, "lon": -74.7, "wind_kt": 135.0, "pressure_mb": 939.0, "category": 4}, {"time": "2019-09-01 03:00:00", "lat": 26.4, "lon": -75.1, "wind_kt": null, "pressure_mb": null, "category": 4}, {"time": "2019-09-01 06:00:00", "lat": 26.4, "lon": -75.6, "wind_kt": 145.0, "pressure_mb": 934.0, "category": 5}, {"time": "2019-09-01 09:00:00", "lat": 26.5, "lon": -76.1, "wind_kt": null, "pressure_mb": null, "category": 5}, {"time": "2019-09-01 12:00:00", "lat": 26.5, "lon": -76.5, "wind_kt": 155.0, "pressure_mb": 927.0, "category": 5}, {"time": "2019-09-01 15:00:00", "lat": 26.5, "lon": -76.8, "wind_kt": null, "pressure_mb": null, "category": 5}, {"time": "2019-09-01 16:40:00", "lat": 26.5, "lon": -77.0, "wind_kt": 160.0, "pressure_mb": 910.0, "category": 5}, {"time": "2019-09-01 18:00:00", "lat": 26.5, "lon": -77.1, "wind_kt": 160.0, "pressure_mb": 910.0, "category": 5}, {"time": "2019-09-01 21:00:00", "lat": 26.5, "lon": -77.4, "wind_kt": null, "pressure_mb": null, "category": 5}, {"time": "2019-09-02 00:00:00", "lat": 26.6, "lon": -77.7, "wind_kt": 155.0, "pressure_mb": 914.0, "category": 5}, {"time": "2019-09-02 02:15:00", "lat": 26.6, "lon": -77.8, "wind_kt": 155.0, "pressure_mb": 914.0, "category": 5}, {"time": "2019-09-02 03:00:00", "lat": 26.6, "lon": -77.8, "wind_kt": null, "pressure_mb": null, "category": 5}, {"time": "2019-09-02 06:00:00", "lat": 26.6, "lon": -78.0, "wind_kt": 145.0, "pressure_mb": 916.0, "category": 5}, {"time": "2019-09-02 09:00:00", "lat": 26.6, "lon": -78.2, "wind_kt": null, "pressure_mb": null, "category": 5}, {"time": "2019-09-02 12:00:00", "lat": 26.7, "lon": -78.3, "wind_kt": 135.0, "pressure_mb": 927.0, "category": 4}, {"time": "2019-09-02 15:00:00", "lat": 26.7, "lon": -78.4, "wind_kt": null, "pressure_mb": null, "category": 4}, {"time": "2019-09-02 18:00:00", "lat": 26.8, "lon": -78.4, "wind_kt": 125.0, "pressure_mb": 938.0, "category": 4}, {"time": "2019-09-02 21:00:00", "lat": 26.9, "lon": -78.5, "wind_kt": null, "pressure_mb": null, "category": 4}, {"time": "2019-09-03 00:00:00", "lat": 26.9, "lon": -78.5, "wind_kt": 115.0, "pressure_mb": 944.0, "category": 4}, {"time": "2019-09-03 03:00:00", "lat": 26.9, "lon": -78.5, "wind_kt": null, "pressure_mb": null, "category": 4}, {"time": "2019-09-03 06:00:00", "lat": 27.0, "lon": -78.5, "wind_kt": 105.0, "pressure_mb": 950.0, "category": 3}, {"time": "2019-09-03 09:00:00", "lat": 27.0, "lon": -78.5, "wind_kt": null, "pressure_mb": null, "category": 3}, {"time": "2019-09-03 12:00:00", "lat": 27.1, "lon": -78.5, "wind_kt": 100.0, "pressure_mb": 954.0, "category": 3}, {"time": "2019-09-03 15:00:00", "lat": 27.3, "lon": -78.5, "wind_kt": null, "pressure_mb": null, "category": 3}, {"time": "2019-09-03 18:00:00", "lat": 27.6, "lon": -78.6, "wind_kt": 95.0, "pressure_mb": 959.0, "category": 2}, {"time": "2019-09-03 21:00:00", "lat": 27.8, "lon": -78.7, "wind_kt": null, "pressure_mb": null, "category": 2}, {"time": "2019-09-04 00:00:00", "lat": 28.1, "lon": -78.8, "wind_kt": 90.0, "pressure_mb": 959.0, "category": 2}, {"time": "2019-09-04 03:00:00", "lat": 28.4, "lon": -79.0, "wind_kt": null, "pressure_mb": null, "category": 2}, {"time": "2019-09-04 06:00:00", "lat": 28.8, "lon": -79.2, "wind_kt": 90.0, "pressure_mb": 964.0, "category": 2}, {"time": "2019-09-04 09:00:00", "lat": 29.2, "lon": -79.4, "wind_kt": null, "pressure_mb": null, "category": 2}, {"time": "2019-09-04 12:00:00", "lat": 29.5, "lon": -79.6, "wind_kt": 90.0, "pressure_mb": 963.0, "category": 2}, {"time": "2019-09-04 15:00:00", "lat": 29.8, "lon": -79.7, "wind_kt": null, "pressure_mb": null, "category": 2}, {"time": "2019-09-04 18:00:00", "lat": 30.1, "lon": -79.7, "wind_kt": 95.0, "pressure_mb": 960.0, "category": 2}, {"time": "2019-09-04 21:00:00", "lat": 30.4, "lon": -79.7, "wind_kt": null, "pressure_mb": null, "category": 2}, {"time": "2019-09-05 00:00:00", "lat": 30.7, "lon": -79.7, "wind_kt": 100.0, "pressure_mb": 955.0, "category": 3}, {"time": "2019-09-05 03:00:00", "lat": 31.0, "lon": -79.7, "wind_kt": null, "pressure_mb": null, "category": 3}, {"time": "2019-09-05 06:00:00", "lat": 31.4, "lon": -79.6, "wind_kt": 100.0, "pressure_mb": 958.0, "category": 3}, {"time": "2019-09-05 09:00:00", "lat": 31.8, "lon": -79.4, "wind_kt": null, "pressure_mb": null, "category": 3}, {"time": "2019-09-05 12:00:00", "lat": 32.1, "lon": -79.2, "wind_kt": 100.0, "pressure_mb": 958.0, "category": 3}, {"time": "2019-09-05 15:00:00", "lat": 32.4, "lon": -79.1, "wind_kt": null, "pressure_mb": null, "category": 3}, {"time": "2019-09-05 18:00:00", "lat": 32.7, "lon": -78.9, "wind_kt": 95.0, "pressure_mb": 958.0, "category": 2}, {"time": "2019-09-05 21:00:00", "lat": 33.0, "lon": -78.5, "wind_kt": null, "pressure_mb": null, "category": 2}, {"time": "2019-09-06 00:00:00", "lat": 33.4, "lon": -77.9, "wind_kt": 90.0, "pressure_mb": 956.0, "category": 2}, {"time": "2019-09-06 03:00:00", "lat": 33.7, "lon": -77.4, "wind_kt": null, "pressure_mb": null, "category": 2}, {"time": "2019-09-06 06:00:00", "lat": 34.1, "lon": -76.9, "wind_kt": 90.0, "pressure_mb": 956.0, "category": 2}, {"time": "2019-09-06 09:00:00", "lat": 34.6, "lon": -76.3, "wind_kt": null, "pressure_mb": null, "category": 2}, {"time": "2019-09-06 12:00:00", "lat": 35.1, "lon": -75.7, "wind_kt": 85.0, "pressure_mb": 956.0, "category": 2}, {"time": "2019-09-06 12:30:00", "lat": 35.2, "lon": -75.6, "wind_kt": 85.0, "pressure_mb": 956.0, "category": 2}, {"time": "2019-09-06 15:00:00", "lat": 35.7, "lon": -74.9, "wind_kt": null, "pressure_mb": null, "category": 2}, {"time": "2019-09-06 18:00:00", "lat": 36.2, "lon": -73.7, "wind_kt": 85.0, "pressure_mb": 956.0, "category": 2}, {"time": "2019-09-06 21:00:00", "lat": 36.8, "lon": -72.5, "wind_kt": null, "pressure_mb": null, "category": 2}, {"time": "2019-09-07 00:00:00", "lat": 37.4, "lon": -71.2, "wind_kt": 85.0, "pressure_mb": 956.0, "category": 2}, {"time": "2019-09-07 03:00:00", "lat": 38.1, "lon": -70.0, "wind_kt": null, "pressure_mb": null, "category": 2}, {"time": "2019-09-07 06:00:00", "lat": 38.9, "lon": -68.9, "wind_kt": 85.0, "pressure_mb": 955.0, "category": 2}, {"time": "2019-09-07 09:00:00", "lat": 39.8, "lon": -67.9, "wind_kt": null, "pressure_mb": null, "category": 2}, {"time": "2019-09-07 12:00:00", "lat": 40.8, "lon": -66.9, "wind_kt": 85.0, "pressure_mb": 954.0, "category": 2}, {"time": "2019-09-07 15:00:00", "lat": 41.8, "lon": -65.7, "wind_kt": null, "pressure_mb": null, "category": 2}, {"time": "2019-09-07 18:00:00", "lat": 42.8, "lon": -64.6, "wind_kt": 80.0, "pressure_mb": 954.0, "category": 1}, {"time": "2019-09-07 21:00:00", "lat": 44.0, "lon": -63.7, "wind_kt": null, "pressure_mb": null, "category": 1}, {"time": "2019-09-08 00:00:00", "lat": 45.2, "lon": -62.9, "wind_kt": 80.0, "pressure_mb": 956.0, "category": 1}, {"time": "2019-09-08 03:00:00", "lat": 46.4, "lon": -62.4, "wind_kt": null, "pressure_mb": null, "category": 1}, {"time": "2019-09-08 06:00:00", "lat": 47.6, "lon": -61.9, "wind_kt": 75.0, "pressure_mb": 960.0, "category": 1}, {"time": "2019-09-08 09:00:00", "lat": 48.6, "lon": -61.3, "wind_kt": null, "pressure_mb": null, "category": 1}, {"time": "2019-09-08 12:00:00", "lat": 49.4, "lon": -60.4, "wind_kt": 70.0, "pressure_mb": 962.0, "category": 1}, {"time": "2019-09-08 15:00:00", "lat": 50.2, "lon": -59.3, "wind_kt": null, "pressure_mb": null, "category": 1}, {"time": "2019-09-08 18:00:00", "lat": 50.8, "lon": -57.9, "wind_kt": 60.0, "pressure_mb": 966.0, "category": 0}, {"time": "2019-09-08 21:00:00", "lat": 51.3, "lon": -56.4, "wind_kt": null, "pressure_mb": null, "category": 0}, {"time": "2019-09-09 00:00:00", "lat": 51.6, "lon": -54.8, "wind_kt": 50.0, "pressure_mb": 980.0, "category": 0}]}, "geometry": {"type": "LineString", "coordinates": [[-46.4, 10.3], [-46.9, 10.3], [-47.5, 10.4], [-48.1, 10.5], [-48.7, 10.6], [-49.3, 10.7], [-49.9, 10.8], [-50.4, 10.9], [-51.0, 11.0], [-51.6, 11.1], [-52.3, 11.2], [-52.9, 11.3], [-53.5, 11.4], [-54.1, 11.5], [-54.7, 11.6], [-55.4, 11.7], [-56.0, 11.9], [-56.6, 12.0], [-57.2, 12.2], [-57.8, 12.4], [-58.3, 12.6], [-58.8, 12.8], [-59.2, 13.0], [-59.4, 13.1], [-59.6, 13.2], [-60.2, 13.5], [-60.5, 13.7], [-60.9, 14.0], [-61.2, 14.2], [-61.7, 14.7], [-62.0, 15.0], [-62.4, 15.4], [-62.8, 15.7], [-63.2, 16.0], [-63.5, 16.4], [-63.9, 16.8], [-64.2, 17.3], [-64.5, 17.7], [-64.6, 17.8], [-65.1, 18.4], [-65.5, 18.9], [-65.7, 19.2], [-66.0, 19.6], [-66.3, 20.0], [-66.6, 20.5], [-66.9, 21.0], [-67.2, 21.5], [-67.4, 22.0], [-67.7, 22.4], [-68.0, 22.8], [-68.4, 23.2], [-68.8, 23.5], [-69.2, 23.9], [-69.5, 24.3], [-69.9, 24.6], [-70.3, 24.8], [-70.7, 25.1], [-71.1, 25.3], [-71.6, 25.5], [-72.1, 25.6], [-72.6, 25.8], [-73.0, 25.9], [-73.5, 26.0], [-74.0, 26.1], [-74.4, 26.2], [-74.7, 26.3], [-75.1, 26.4], [-75.6, 26.4], [-76.1, 26.5], [-76.5, 26.5], [-76.8, 26.5], [-77.0, 26.5], [-77.1, 26.5], [-77.4, 26.5], [-77.7, 26.6], [-77.8, 26.6], [-77.8, 26.6], [-78.0, 26.6], [-78.2, 26.6], [-78.3, 26.7], [-78.4, 26.7], [-78.4, 26.8], [-78.5, 26.9], [-78.5, 26.9], [-78.5, 26.9], [-78.5, 27.0], [-78.5, 27.0], [-78.5, 27.1], [-78.5, 27.3], [-78.6, 27.6], [-78.7, 27.8], [-78.8, 28.1], [-79.0, 28.4], [-79.2, 28.8], [-79.4, 29.2], [-79.6, 29.5], [-79.7, 29.8], [-79.7, 30.1], [-79.7, 30.4], [-79.7, 30.7], [-79.7, 31.0], [-79.6, 31.4], [-79.4, 31.8], [-79.2, 32.1], [-79.1, 32.4], [-78.9, 32.7], [-78.5, 33.0], [-77.9, 33.4], [-77.4, 33.7], [-76.9, 34.1], [-76.3, 34.6], [-75.7, 35.1], [-75.6, 35.2], [-74.9, 35.7], [-73.7, 36.2], [-72.5, 36.8], [-71.2, 37.4], [-70.0, 38.1], [-68.9, 38.9], [-67.9, 39.8], [-66.9, 40.8], [-65.7, 41.8], [-64.6, 42.8], [-63.7, 44.0], [-62.9, 45.2], [-62.4, 46.4], [-61.9, 47.6], [-61.3, 48.6], [-60.4, 49.4], [-59.3, 50.2], [-57.9, 50.8], [-56.4, 51.3], [-54.8, 51.6]]}}, {"type": "Feature", "properties": {"sid": "2021133N10071", "basin": "North India", "subbasin": "Arabian Sea", "start_time": "2021-05-13 06:00:00", "end_time": "2021-05-19 06:00:00", "point_count": 49, "max_wind_kt": 100.0, "min_pressure_mb": 950.0, "track_points": [{"time": "2021-05-13 06:00:00", "lat": 10.0, "lon": 70.9, "wind_kt": null, "pressure_mb": null, "category": -1}, {"time": "2021-05-13 09:00:00", "lat": 10.1, "lon": 71.1, "wind_kt": null, "pressure_mb": null, "category": -1}, {"time": "2021-05-13 12:00:00", "lat": 10.2, "lon": 71.3, "wind_kt": null, "pressure_mb": null, "category": -1}, {"time": "2021-05-13 15:00:00", "lat": 10.3, "lon": 71.4, "wind_kt": null, "pressure_mb": null, "category": -1}, {"time": "2021-05-13 18:00:00", "lat": 10.5, "lon": 71.5, "wind_kt": null, "pressure_mb": null, "category": -1}, {"time": "2021-05-13 21:00:00", "lat": 10.7, "lon": 71.6, "wind_kt": null, "pressure_mb": null, "category": -1}, {"time": "2021-05-14 00:00:00", "lat": 10.9, "lon": 71.8, "wind_kt": null, "pressure_mb": null, "category": -1}, {"time": "2021-05-14 03:00:00", "lat": 11.0, "lon": 72.0, "wind_kt": 25.0, "pressure_mb": 997.0, "category": -1}, {"time": "2021-05-14 06:00:00", "lat": 11.2, "lon": 72.2, "wind_kt": 25.0, "pressure_mb": 996.0, "category": -1}, {"time": "2021-05-14 09:00:00", "lat": 11.5, "lon": 72.4, "wind_kt": 30.0, "pressure_mb": 995.0, "category": -1}, {"time": "2021-05-14 12:00:00", "lat": 11.7, "lon": 72.6, "wind_kt": 30.0, "pressure_mb": 995.0, "category": -1}, {"time": "2021-05-14 15:00:00", "lat": 12.0, "lon": 72.7, "wind_kt": null, "pressure_mb": null, "category": -1}, {"time": "2021-05-14 18:00:00", "lat": 12.3, "lon": 72.8, "wind_kt": 35.0, "pressure_mb": 993.0, "category": 0}, {"time": "2021-05-14 21:00:00", "lat": 12.4, "lon": 72.8, "wind_kt": 40.0, "pressure_mb": 992.0, "category": 0}, {"time": "2021-05-15 00:00:00", "lat": 12.8, "lon": 72.9, "wind_kt": 40.0, "pressure_mb": 992.0, "category": 0}, {"time": "2021-05-15 03:00:00", "lat": 13.0, "lon": 72.9, "wind_kt": 40.0, "pressure_mb": 992.0, "category": 0}, {"time": "2021-05-15 06:00:00", "lat": 13.3, "lon": 73.0, "wind_kt": 45.0, "pressure_mb": 990.0, "category": 0}, {"time": "2021-05-15 09:00:00", "lat": 13.6, "lon": 73.0, "wind_kt": 45.0, "pressure_mb": 990.0, "category": 0}, {"time": "2021-05-15 12:00:00", "lat": 13.9, "lon": 73.0, "wind_kt": 55.0, "pressure_mb": 985.0, "category": 0}, {"time": "2021-05-15 15:00:00", "lat": 14.2, "lon": 72.9, "wind_kt": 55.0, "pressure_mb": 984.0, "category": 0}, {"time": "2021-05-15 18:00:00", "lat": 14.5, "lon": 72.8, "wind_kt": 60.0, "pressure_mb": 982.0, "category": 0}, {"time": "2021-05-15 21:00:00", "lat": 14.7, "lon": 72.8, "wind_kt": 60.0, "pressure_mb": 982.0, "category": 0}, {"time": "2021-05-16 00:00:00", "lat": 15.0, "lon": 72.8, "wind_kt": 65.0, "pressure_mb": 979.0, "category": 1}, {"time": "2021-05-16 03:00:00", "lat": 15.4, "lon": 72.8, "wind_kt": 70.0, "pressure_mb": 976.0, "category": 1}, {"time": "2021-05-16 06:00:00", "lat": 15.8, "lon": 72.8, "wind_kt": 70.0, "pressure_mb": 976.0, "category": 1}, {"time": "2021-05-16 09:00:00", "lat": 16.3, "lon": 72.7, "wind_kt": 70.0, "pressure_mb": 976.0, "category": 1}, {"time": "2021-05-16 12:00:00", "lat": 16.8, "lon": 72.5, "wind_kt": 75.0, "pressure_mb": 972.0, "category": 1}, {"time": "2021-05-16 15:00:00", "lat": 17.3, "lon": 72.3, "wind_kt": 80.0, "pressure_mb": 968.0, "category": 1}, {"time": "2021-05-16 18:00:00", "lat": 17.7, "lon": 72.0, "wind_kt": 85.0, "pressure_mb": 964.0, "category": 2}, {"time": "2021-05-16 21:00:00", "lat": 18.0, "lon": 71.8, "wind_kt": 90.0, "pressure_mb": 960.0, "category": 2}, {"time": "2021-05-17 00:00:00", "lat": 18.4, "lon": 71.7, "wind_kt": 100.0, "pressure_mb": 950.0, "category": 3}, {"time": "2021-05-17 03:00:00", "lat": 18.8, "lon": 71.6, "wind_kt": 100.0, "pressure_mb": 950.0, "category": 3}, {"time": "2021-05-17 06:00:00", "lat": 19.3, "lon": 71.5, "wind_kt": 100.0, "pressure_mb": 950.0, "category": 3}, {"time": "2021-05-17 09:00:00", "lat": 19.6, "lon": 71.4, "wind_kt": 100.0, "pressure_mb": 950.0, "category": 3}, {"time": "2021-05-17 12:00:00", "lat": 20.1, "lon": 71.4, "wind_kt": 95.0, "pressure_mb": 955.0, "category": 2}, {"time": "2021-05-17 15:00:00", "lat": 20.5, "lon": 71.3, "wind_kt": 90.0, "pressure_mb": 960.0, "category": 2}, {"time": "2021-05-17 18:00:00", "lat": 20.9, "lon": 71.2, "wind_kt": 85.0, "pressure_mb": 964.0, "category": 2}, {"time": "2021-05-17 21:00:00", "lat": 21.2, "lon": 71.2, "wind_kt": 75.0, "pressure_mb": 972.0, "category": 1}, {"time": "2021-05-18 00:00:00", "lat": 21.5, "lon": 71.2, "wind_kt": 65.0, "pressure_mb": 978.0, "category": 1}, {"time": "2021-05-18 03:00:00", "lat": 21.7, "lon": 71.3, "wind_kt": 55.0, "pressure_mb": 984.0, "category": 0}, {"time": "2021-05-18 06:00:00", "lat": 22.1, "lon": 71.6, "wind_kt": 45.0, "pressure_mb": 990.0, "category": 0}, {"time": "2021-05-18 09:00:00", "lat": 22.6, "lon": 71.7, "wind_kt": 40.0, "pressure_mb": 992.0, "category": 0}, {"time": "2021-05-18 12:00:00", "lat": 23.2, "lon": 72.1, "wind_kt": 35.0, "pressure_mb": 993.0, "category": 0}, {"time": "2021-05-18 15:00:00", "lat": 23.7, "lon": 72.5, "wind_kt": 30.0, "pressure_mb": 994.0, "category": -1}, {"time": "2021-05-18 18:00:00", "lat": 24.1, "lon": 73.1, "wind_kt": 30.0, "pressure_mb": 995.0, "category": -1}, {"time": "2021-05-18 21:00:00", "lat": 24.4, "lon": 73.4, "wind_kt": null, "pressure_mb": null, "category": -1}, {"time": "2021-05-19 00:00:00", "lat": 24.6, "lon": 73.6, "wind_kt": 25.0, "pressure_mb": 996.0, "category": -1}, {"time": "2021-05-19 03:00:00", "lat": 24.9, "lon": 73.7, "wind_kt": 20.0, "pressure_mb": 997.0, "category": -1}, {"time": "2021-05-19 06:00:00", "lat": 25.8, "lon": 74.8, "wind_kt": 20.0, "pressure_mb": 997.0, "category": -1}]}, "geometry": {"type": "LineString", "coordinates": [[70.9, 10.0], [71.1, 10.1], [71.3, 10.2], [71.4, 10.3], [71.5, 10.5], [71.6, 10.7], [71.8, 10.9], [72.0, 11.0], [72.2, 11.2], [72.4, 11.5], [72.6, 11.7], [72.7, 12.0], [72.8, 12.3], [72.8, 12.4], [72.9, 12.8], [72.9, 13.0], [73.0, 13.3], [73.0, 13.6], [73.0, 13.9], [72.9, 14.2], [72.8, 14.5], [72.8, 14.7], [72.8, 15.0], [72.8, 15.4], [72.8, 15.8], [72.7, 16.3], [72.5, 16.8], [72.3, 17.3], [72.0, 17.7], [71.8, 18.0], [71.7, 18.4], [71.6, 18.8], [71.5, 19.3], [71.4, 19.6], [71.4, 20.1], [71.3, 20.5], [71.2, 20.9], [71.2, 21.2], [71.2, 21.5], [71.3, 21.7], [71.6, 22.1], [71.7, 22.6], [72.1, 23.2], [72.5, 23.7], [73.1, 24.1], [73.4, 24.4], [73.6, 24.6], [73.7, 24.9], [74.8, 25.8]]}}]}